Category,Price,Rating,Stock,Discount
Unknown,0.5502677579064362,0.21762760973800027,In Stock,0.0
Unknown,0.29736283722340107,0.9399568359571279,In Stock,0.7755102040816326
Unknown,0.39426088713751645,0.5207552497147244,In Stock,0.0
Unknown,0.4754976255430939,0.12300804248309244,In Stock,0.673469387755102
Unknown,0.17328483378801657,0.5207552497147244,Out of Stock,0.4693877551020408
Unknown,0.3455592603819339,0.5207552497147244,In Stock,0.5102040816326531
C,0.05708800646660605,0.6674188672542901,In Stock,0.836734693877551
A,0.7096089724158836,0.9965429036196524,Out of Stock,0.14285714285714285
A,0.27028392442154187,0.4197720029368498,In Stock,0.12244897959183673
Unknown,0.03647569970698192,0.9070331651554423,In Stock,0.061224489795918366
A,0.10599171466100839,0.4871783651870676,In Stock,0.5102040816326531
A,0.3708194402344145,0.9732160025948488,In Stock,0.9183673469387754
Unknown,0.7696271597453773,0.495784772993601,In Stock,0.08163265306122448
C,0.8400525411740931,0.0676872577896453,In Stock,0.5918367346938775
B,0.8515711831868242,0.5207552497147244,In Stock,0.2040816326530612
A,0.7915529958573304,0.5084404008826325,In Stock,0.8979591836734693
B,0.9312923108012529,0.6200693904537854,In Stock,0.5714285714285714
Unknown,0.4945438011518642,0.7747679894204466,In Stock,0.8163265306122448
D,0.1984439729210872,0.5207552497147244,In Stock,0.6122448979591836
B,0.16995049004748916,0.5207552497147244,In Stock,0.24489795918367346
Unknown,0.5544104274022431,0.5207552497147244,In Stock,0.7959183673469387
C,0.4945438011518642,0.5207552497147244,Out of Stock,0.5102040816326531
Unknown,0.41163989087602304,0.3161225325502094,In Stock,0.8571428571428571
D,0.030817419420026276,0.44375864953245536,In Stock,0.8979591836734693
Unknown,0.6980903304031524,0.5207552497147244,In Stock,0.7755102040816326
Unknown,0.840254622612913,0.5207552497147244,In Stock,0.5102040816326531
Unknown,0.33373749621097304,0.5207552497147244,In Stock,0.9795918367346939
D,0.1646963726381732,0.5207552497147244,In Stock,0.5102040816326531
B,0.5807820551682328,0.3162081893779173,Out of Stock,0.8775510204081632
Unknown,0.4945438011518642,0.3395065348425137,In Stock,0.44897959183673464
Unknown,0.060826513084773166,0.5207552497147244,In Stock,0.9591836734693877
Unknown,0.22643225219763566,0.21585210246840303,Out of Stock,0.3469387755102041
Unknown,0.4945438011518642,0.5207552497147244,In Stock,0.5102040816326531
Unknown,0.18268162069313934,0.7127362737136821,Out of Stock,0.2857142857142857
Unknown,0.9300798221683338,0.5207552497147244,Out of Stock,0.42857142857142855
Unknown,0.2252197635647166,0.7384432904926609,In Stock,0.8775510204081632
D,0.6125088410629483,0.8268826494200491,Out of Stock,0.02040816326530612
B,0.8040820450641608,0.2265033830260204,Out of Stock,0.8775510204081632
Unknown,0.5562291603516216,0.9478879232323975,In Stock,0.3061224489795918
Unknown,0.46761644942911995,0.5207552497147244,In Stock,0.6122448979591836
Unknown,0.9222996867737698,0.5207552497147244,In Stock,0.16326530612244897
Unknown,0.10205112660402142,0.5207552497147244,In Stock,0.7755102040816326
Unknown,0.4332626048297464,0.5207552497147244,In Stock,0.6938775510204082
Unknown,0.8469233100939678,0.5207552497147244,Out of Stock,0.7346938775510203
D,0.6378700616348388,0.9965859580442195,Out of Stock,0.24489795918367346
Unknown,0.4533697079923209,0.5207552497147244,Out of Stock,0.9591836734693877
A,0.2180458724866121,0.5207552497147244,In Stock,0.7551020408163265
Unknown,0.1674244720622411,0.8642951137419873,In Stock,0.7551020408163265
Unknown,0.7161766191775285,0.23113208297283627,In Stock,0.5102040816326531
Unknown,0.866222087501263,0.444756978234612,Out of Stock,0.5102040816326531
Unknown,0.5365262200666868,0.5207552497147244,Out of Stock,0.4897959183673469
A,0.6266545417803374,0.5207552497147244,In Stock,0.6326530612244897
C,0.98696574719612,0.4511174920249482,Out of Stock,0.7551020408163265
C,0.10427402243103971,0.47191737845957926,In Stock,0.3061224489795918
B,0.9793876932403759,0.5207552497147244,In Stock,0.3469387755102041
B,0.33777912498736995,0.5207552497147244,In Stock,0.061224489795918366
Unknown,0.8405577447711428,0.08452575554791852,In Stock,0.04081632653061224
Unknown,0.3166616146306962,0.9883339474774716,Out of Stock,0.04081632653061224
Unknown,0.1537839749419016,0.5207552497147244,Out of Stock,0.6938775510204082
Unknown,0.07113266646458523,0.7931154732783826,In Stock,0.16326530612244897
Unknown,0.9887844801454986,0.5207552497147244,In Stock,0.5918367346938775
Unknown,0.8761240780034354,0.21654599293712462,Out of Stock,0.3469387755102041
D,0.3915327877134485,0.5207552497147244,Out of Stock,0.6530612244897959
D,0.2171365060119228,0.5207552497147244,In Stock,0.5102040816326531
Unknown,0.7820551682327977,0.5207552497147244,In Stock,0.6122448979591836
A,0.4955036879862585,0.7092694126970572,Out of Stock,0.5102040816326531
Unknown,0.3112054157825604,0.5207552497147244,In Stock,0.26530612244897955
Unknown,0.10447610386985955,0.5207552497147244,In Stock,0.3877551020408163
Unknown,0.097403253511165,0.5207552497147244,Out of Stock,0.2040816326530612
B,0.09366474689299788,0.8664928338104024,In Stock,0.7755102040816326
Unknown,0.17035465292512883,0.5207552497147244,Out of Stock,0.14285714285714285
Unknown,0.6210973022127917,0.5207552497147244,In Stock,0.32653061224489793
D,0.8006466606042235,0.5207552497147244,In Stock,0.9387755102040816
A,0.9511973325250075,0.16435077090082478,In Stock,0.1020408163265306
Unknown,0.0764878245933111,0.05693113258094956,In Stock,0.9999999999999999
Unknown,0.6759624128523795,0.37359413506999484,In Stock,0.5306122448979591
Unknown,0.8617762958472264,0.577396451797416,In Stock,0.2040816326530612
Unknown,0.6455491563099929,0.9118554015115287,In Stock,0.32653061224489793
Unknown,0.4945438011518642,0.7595554081402728,In Stock,0.673469387755102
D,0.054561988481357994,0.1495901074515022,Out of Stock,0.5714285714285714
B,0.41628776396887945,0.8037212540302273,In Stock,0.4081632653061224
A,0.1879357381024553,0.9945924567326007,In Stock,0.12244897959183673
Unknown,0.2037991310498131,0.6657626638151736,In Stock,0.8163265306122448
Unknown,0.13529352328988584,0.603951959684956,In Stock,0.8775510204081632
Unknown,0.6852581590380923,0.5207552497147244,In Stock,0.9999999999999999
D,0.24674143679903005,0.5207552497147244,In Stock,0.5102040816326531
B,0.6074568050924523,0.5207552497147244,In Stock,0.8979591836734693
Unknown,0.8098413660705264,0.5207552497147244,In Stock,0.9183673469387754
Unknown,0.4945438011518642,0.3954238252896347,Out of Stock,0.7346938775510203
A,0.40163685965444074,0.5207552497147244,Out of Stock,0.5714285714285714
D,0.2803879963625341,0.5327884459891777,Out of Stock,0.9999999999999999
B,0.8710720420329392,0.6880901327125325,In Stock,0.836734693877551
Unknown,0.8637971102354248,0.8209999593150067,In Stock,0.04081632653061224
Unknown,0.3213094877235526,0.5207552497147244,Out of Stock,0.8163265306122448
D,0.9488733959785793,0.44530752259630046,Out of Stock,0.6938775510204082
Unknown,0.6543396988986561,0.5315623145284686,In Stock,0.5714285714285714
Unknown,0.7158734970192987,0.5207552497147244,In Stock,0.24489795918367346
Unknown,0.1346872789734263,0.5207552497147244,In Stock,0.4693877551020408
Unknown,0.14741840961907648,0.4642265851088928,In Stock,0.12244897959183673
Unknown,0.27038496514095184,0.9124074755059891,In Stock,0.8775510204081632
A,0.46983934525613824,0.8979775555344215,In Stock,0.02040816326530612
Unknown,0.44457916540365766,0.5207552497147244,In Stock,0.8163265306122448
Unknown,0.4945438011518642,0.5207552497147244,In Stock,0.02040816326530612
Unknown,0.048095382439122966,0.6723773442213951,Out of Stock,0.7346938775510203
Unknown,0.3066585834091139,0.3828012890391893,Out of Stock,0.9999999999999999
C,0.7391128624835809,0.6293363296356814,In Stock,0.8775510204081632
C,0.8004445791654036,0.5207552497147244,In Stock,0.04081632653061224
Unknown,0.5201576235222795,0.5207552497147244,In Stock,0.12244897959183673
Unknown,0.6519147216328179,0.5207552497147244,In Stock,0.5918367346938775
Unknown,0.7239567545720925,0.5207552497147244,In Stock,0.4897959183673469
Unknown,0.6082651308477316,0.3920872897912572,In Stock,0.3061224489795918
Unknown,0.127311306456502,0.7287862864108111,Out of Stock,0.5102040816326531
Unknown,0.6527230473880974,0.6551544874640816,Out of Stock,0.061224489795918366
C,0.6847529554410428,0.5207552497147244,In Stock,0.16326530612244897
D,0.607759927250682,0.9651948956140156,In Stock,0.08163265306122448
C,0.3112054157825604,0.9692389369629167,In Stock,0.9999999999999999
Unknown,0.5380418308578356,0.5207552497147244,Out of Stock,0.3061224489795918
Unknown,0.015055067192078409,0.5207552497147244,In Stock,0.42857142857142855
Unknown,0.6211983429322017,0.5207552497147244,In Stock,0.673469387755102
D,0.4524603415176316,0.13301574109617226,In Stock,0.7959183673469387
Unknown,0.9153278771344852,0.40072467574353166,In Stock,0.9999999999999999
Unknown,0.577851874305345,0.04210788849887531,Out of Stock,0.3469387755102041
Unknown,0.9990906335253107,0.5207552497147244,Out of Stock,0.3877551020408163
Unknown,0.42891785389511977,0.3924045326102237,In Stock,0.061224489795918366
D,0.2622006668687481,0.2294245424106498,In Stock,0.6122448979591836
Unknown,0.9152268364150752,0.8485451422354088,Out of Stock,0.5918367346938775
Unknown,0.19905021723754673,0.5207552497147244,In Stock,0.2040816326530612
C,0.20410225320804284,0.9657616809759147,Out of Stock,0.5918367346938775
Unknown,0.8718803677882186,0.5207552497147244,Out of Stock,0.7755102040816326
D,0.4980297059715066,0.5207552497147244,In Stock,0.08163265306122448
A,0.6522178437910477,0.5207552497147244,Out of Stock,0.6530612244897959
Unknown,0.39193695059108824,0.5207552497147244,In Stock,0.836734693877551
Unknown,0.9454380115186419,0.6228932712058046,Out of Stock,0.8571428571428571
Unknown,0.3699100737597252,0.5207552497147244,In Stock,0.26530612244897955
A,0.23886026068505609,0.5207552497147244,In Stock,0.24489795918367346
A,0.631100333434374,0.5207552497147244,In Stock,0.5918367346938775
Unknown,0.6307972112761443,0.5207552497147244,Out of Stock,0.08163265306122448
Unknown,0.472769526119026,0.5593833058542232,Out of Stock,0.061224489795918366
B,0.8328786500959886,0.5207552497147244,Out of Stock,0.836734693877551
A,0.5412751338789532,0.5207552497147244,Out of Stock,0.673469387755102
A,0.8506618167121349,0.020312532320280796,Out of Stock,0.8163265306122448
Unknown,0.25735071233707185,0.2464266828510866,In Stock,0.5102040816326531
Unknown,0.3030211175103567,0.23077840834950603,In Stock,0.12244897959183673
D,0.025765383449530166,0.5207552497147244,Out of Stock,0.6530612244897959
B,0.42406789936344347,0.4848249715337599,In Stock,0.5918367346938775
Unknown,0.9797918561180156,0.5207552497147244,Out of Stock,0.6938775510204082
A,0.8820854804486208,0.5207552497147244,In Stock,0.3469387755102041
A,0.8233808224714559,0.7636133831454405,In Stock,0.5714285714285714
A,0.13771850055572396,0.20901089290684804,In Stock,0.5102040816326531
A,0.9824189148226735,0.5207552497147244,Out of Stock,0.44897959183673464
Unknown,0.6405981610589067,0.5207552497147244,In Stock,0.6938775510204082
B,0.7600282914014347,0.5207552497147244,In Stock,0.1020408163265306
B,0.400020208143882,0.4709230697922915,In Stock,0.5714285714285714
Unknown,0.008891583308073154,0.5207552497147244,In Stock,0.0
Unknown,0.4588259068404567,0.5486398599372087,In Stock,0.08163265306122448
Unknown,0.5170253612205719,0.5207552497147244,Out of Stock,0.9999999999999999
Unknown,0.1106395877538648,0.07513616560196312,Out of Stock,0.5102040816326531
B,0.8187329493785995,0.9393363123747759,Out of Stock,0.7142857142857142
Unknown,0.30544609477619483,0.5742609897126265,In Stock,0.5102040816326531
D,0.7211276144286147,0.6529229461149159,In Stock,0.9795918367346939
Unknown,0.016166515105587552,0.5207552497147244,In Stock,0.7346938775510203
Unknown,0.7804385167222391,0.6444779228691969,In Stock,0.12244897959183673
Unknown,0.8517732646256441,0.9080737757640979,In Stock,0.8571428571428571
D,0.45700717389107814,0.17955864197367216,In Stock,0.7346938775510203
Unknown,0.46135192482570475,0.19037558867219123,In Stock,0.4693877551020408
A,0.5219763564716581,0.5207552497147244,In Stock,0.9795918367346939
C,0.014852985753258564,0.2703098576570582,In Stock,0.3061224489795918
Unknown,0.5866424168940082,0.5207552497147244,In Stock,0.8571428571428571
B,0.9694857027382034,0.5207552497147244,In Stock,0.5306122448979591
B,0.8442962513893099,0.5207552497147244,In Stock,0.36734693877551017
Unknown,0.4687278973426291,0.5207552497147244,In Stock,0.5510204081632653
A,0.6912195614832777,0.5207552497147244,In Stock,0.8571428571428571
Unknown,0.4945438011518642,0.5207552497147244,In Stock,0.22448979591836732
Unknown,0.06628271193290895,0.062322595663772185,In Stock,0.5714285714285714
Unknown,0.3098918864302314,0.4050002144308621,In Stock,0.5102040816326531
C,0.7932706880872992,0.14301738603511194,In Stock,0.7959183673469387
Unknown,0.8781448923916337,0.5018287914848344,Out of Stock,0.12244897959183673
D,0.9105789633222188,0.5207552497147244,In Stock,0.5510204081632653
Unknown,0.888248964332626,0.3799881859375458,In Stock,0.5102040816326531
A,0.87006163483884,0.34537681365861606,In Stock,0.6122448979591836
A,0.1179145195513792,0.5207552497147244,In Stock,0.7755102040816326
Unknown,0.8049914115388501,0.5207552497147244,In Stock,0.6326530612244897
D,0.6718197433565727,0.33456725358664485,In Stock,0.04081632653061224
C,0.49186622208750125,0.341517341116401,In Stock,0.1020408163265306
Unknown,0.2244114378094372,0.5207552497147244,In Stock,0.5102040816326531
Unknown,0.4945438011518642,0.5207552497147244,In Stock,0.0
A,0.5469334141659088,0.9278858807547529,Out of Stock,0.5102040816326531
Unknown,0.8835000505203596,0.09098720796857984,In Stock,0.08163265306122448
Unknown,0.2507830655754269,0.5207552497147244,Out of Stock,0.02040816326530612
C,0.7890269778720824,0.44162447529337223,Out of Stock,0.7551020408163265
D,0.6766696978882489,0.5207552497147244,Out of Stock,0.5918367346938775
Unknown,0.4565019702940285,0.8355779267992137,In Stock,0.2040816326530612
Unknown,0.9419015863392947,0.018938957969884873,Out of Stock,0.5102040816326531
Unknown,0.8393452561382236,0.17417832359920377,Out of Stock,0.5918367346938775
Unknown,0.9054258866323128,0.6564593675786645,Out of Stock,0.5102040816326531
Unknown,0.838941093260584,0.054677354397032474,In Stock,0.9795918367346939
Unknown,0.8050924522582601,0.8054831138051036,In Stock,0.4081632653061224
D,0.7539658482368394,0.39435792490702226,In Stock,0.7142857142857142
D,0.8540972011720723,0.34547689918506963,Out of Stock,0.44897959183673464
Unknown,0.17863999191674246,0.5207552497147244,In Stock,0.6530612244897959
Unknown,0.6832373446498938,0.47358088556386646,In Stock,0.2040816326530612
C,0.03405072244114379,0.3412644669951628,In Stock,0.0
A,0.13367687177932708,0.20097652953332684,In Stock,0.3061224489795918
Unknown,0.15257148630898254,0.5084803900918246,In Stock,0.32653061224489793
Unknown,0.18106496918258058,0.332492326246028,Out of Stock,0.5102040816326531
Unknown,0.8965343033242397,0.8678954927288914,Out of Stock,0.6530612244897959
Unknown,0.07123370718399515,0.5207552497147244,In Stock,0.26530612244897955
C,0.22178437910477924,0.5207552497147244,Out of Stock,0.42857142857142855
Unknown,0.777811458017581,0.5207552497147244,In Stock,0.1020408163265306
B,0.14054764069920178,0.5961942197050275,Out of Stock,0.9183673469387754
Unknown,0.2526017985248055,0.5207552497147244,In Stock,0.0
D,0.5333939577649792,0.9424617347933221,Out of Stock,0.2040816326530612
B,0.5382439122966555,0.18658974370546844,In Stock,0.12244897959183673
Unknown,0.06385773466707083,0.5207552497147244,In Stock,0.2040816326530612
B,0.32969586743457613,0.794201726355588,In Stock,0.5918367346938775
D,0.931191270081843,0.5801027608584648,In Stock,0.36734693877551017
Unknown,0.5171264019399817,0.5207552497147244,In Stock,0.0
Unknown,0.028190360715368297,0.5235633751663641,In Stock,0.3469387755102041
Unknown,0.8694553905223805,0.5207552497147244,Out of Stock,0.7959183673469387
Unknown,0.35384459937354756,0.5207552497147244,In Stock,0.3469387755102041
Unknown,0.5027786197837728,0.8482396880452071,Out of Stock,0.12244897959183673
Unknown,0.8050924522582601,0.5207552497147244,In Stock,0.5714285714285714
C,0.06254420531474184,0.5207552497147244,In Stock,0.5102040816326531
Unknown,0.6889966656562594,0.5207552497147244,Out of Stock,0.7551020408163265
D,0.254622612913004,0.5207552497147244,In Stock,0.44897959183673464
C,0.7203192886733353,0.5207552497147244,In Stock,0.12244897959183673
Unknown,0.024047691219561483,0.5207552497147244,Out of Stock,0.5510204081632653
C,0.9204809538243912,0.5207552497147244,In Stock,0.0
C,0.6436293826412044,0.5207552497147244,In Stock,0.5510204081632653
Unknown,0.39163382843285843,0.5207552497147244,Out of Stock,0.3877551020408163
Unknown,0.5702738203496008,0.5207552497147244,Out of Stock,0.04081632653061224
Unknown,0.38941093260584014,0.6142861370117274,In Stock,0.4693877551020408
D,0.8745074264928766,0.5207552497147244,In Stock,0.9999999999999999
Unknown,0.27462867535616853,0.5224722675413076,In Stock,0.42857142857142855
D,0.19187632615944228,0.5207552497147244,Out of Stock,0.4693877551020408
Unknown,0.03132262301707588,0.6903780501135655,Out of Stock,0.42857142857142855
Unknown,0.6641406486814185,0.5207552497147244,In Stock,0.8775510204081632
A,0.4258866323128221,0.5207552497147244,Out of Stock,0.26530612244897955
C,0.8492472466403961,0.8944655918659018,Out of Stock,0.836734693877551
Unknown,0.6751540870971001,0.2720715720944792,Out of Stock,0.26530612244897955
Unknown,0.7611397393149438,0.5207552497147244,Out of Stock,0.1020408163265306
Unknown,0.9525108618773366,0.1152209567857323,In Stock,0.6326530612244897
Unknown,0.15085379407901386,0.07667932357293317,In Stock,0.7551020408163265
Unknown,0.5624936849550368,0.5207552497147244,Out of Stock,0.7755102040816326
Unknown,0.5818935030817419,0.11758139410652058,Out of Stock,0.8163265306122448
Unknown,0.2270384965140952,0.5207552497147244,Out of Stock,0.9795918367346939
Unknown,0.5722946347377993,0.5207552497147244,Out of Stock,0.061224489795918366
Unknown,0.7335556229160352,0.5207552497147244,Out of Stock,0.673469387755102
Unknown,0.31868242901889465,0.44312926130564145,In Stock,0.9183673469387754
Unknown,0.9277558856219056,0.5207552497147244,Out of Stock,0.9183673469387754
C,0.8583409113872891,0.6295896536808225,In Stock,0.4693877551020408
C,0.43477821562089525,0.02559532067471587,In Stock,0.673469387755102
C,0.20359704961099323,0.5207552497147244,In Stock,0.9183673469387754
A,0.8628877437607355,0.5207552497147244,In Stock,0.8775510204081632
C,0.4945438011518642,0.5207552497147244,Out of Stock,0.061224489795918366
A,0.5981610589067394,0.5207552497147244,In Stock,0.9795918367346939
Unknown,0.8113569768616752,0.44165229673844675,In Stock,0.3061224489795918
Unknown,0.30999292714964133,0.2998150910855072,In Stock,0.36734693877551017
C,0.253208042841265,0.21831850042458695,In Stock,0.16326530612244897
Unknown,0.9540264726684854,0.12714683417913458,In Stock,0.9591836734693877
Unknown,0.6181671213499039,0.10272050422880968,In Stock,0.6530612244897959
Unknown,0.18763261594422553,0.9912338140522682,Out of Stock,0.9183673469387754
A,0.1314539759523088,0.5207552497147244,In Stock,0.5102040816326531
Unknown,0.3648580377892291,0.5207552497147244,Out of Stock,0.6530612244897959
Unknown,0.6108921895523896,0.5207552497147244,In Stock,0.061224489795918366
Unknown,0.3799131049813075,0.7036338617503314,In Stock,0.44897959183673464
D,0.9433161564110336,0.6731332584864947,Out of Stock,0.7346938775510203
B,0.029604930787107207,0.5207552497147244,In Stock,0.4897959183673469
Unknown,0.6040214206325148,0.7835030760544409,Out of Stock,0.36734693877551017
C,0.5248054966151359,0.43557519189780614,Out of Stock,0.6938775510204082
Unknown,0.5300596140244518,0.1468084370475567,Out of Stock,0.6326530612244897
Unknown,0.6209962614933818,0.47249204955978474,In Stock,0.7959183673469387
Unknown,0.8353036273618267,0.19356967058243735,In Stock,0.8979591836734693
Unknown,0.30847731635849246,0.4392518577180423,In Stock,0.12244897959183673
Unknown,0.2462362332019804,0.5207552497147244,In Stock,0.18367346938775508
Unknown,0.30413256542386585,0.5207552497147244,Out of Stock,0.32653061224489793
D,0.24118419723148432,0.9176833275292641,In Stock,0.8571428571428571
Unknown,0.5487521471152874,0.5207552497147244,In Stock,0.6938775510204082
Unknown,0.8589471557037486,0.2238356308982954,Out of Stock,0.7142857142857142
Unknown,0.6958674345761341,0.5207552497147244,Out of Stock,0.2040816326530612
D,0.29928261089218955,0.19591197921233489,Out of Stock,0.44897959183673464
Unknown,0.007477013236334243,0.5207552497147244,Out of Stock,0.673469387755102
Unknown,0.8140850762857431,0.5251390397077293,Out of Stock,0.6326530612244897
A,0.5029807012225926,0.2793917854367751,Out of Stock,0.02040816326530612
Unknown,0.5597655855309689,0.5207552497147244,In Stock,0.5714285714285714
Unknown,0.6997069819137112,0.20393683421043385,In Stock,0.5102040816326531
Unknown,0.8391431746994038,0.03343428886431521,Out of Stock,0.7755102040816326
Unknown,0.07840759826209963,0.5207552497147244,In Stock,0.836734693877551
Unknown,0.24694351823784988,0.03951199017456075,Out of Stock,0.6938775510204082
Unknown,0.9533191876326159,0.5207552497147244,Out of Stock,0.5102040816326531
Unknown,0.959684752955441,0.5793970841860469,In Stock,0.6530612244897959
Unknown,0.7165807820551682,0.5826378265827253,In Stock,0.7755102040816326
Unknown,0.6937455794685258,0.6851868088126226,In Stock,0.5102040816326531
C,0.6254420531474184,0.03886495663829287,Out of Stock,0.3469387755102041
C,0.4817621501465091,0.5207552497147244,Out of Stock,0.2857142857142857
Unknown,0.6704051732848337,0.5207552497147244,In Stock,0.7755102040816326
Unknown,0.014954026472668485,0.1091986643270848,In Stock,0.6122448979591836
C,0.4945438011518642,0.6068743506684151,In Stock,0.14285714285714285
Unknown,0.021218551076083662,0.1342490204154863,In Stock,0.7959183673469387
D,0.8378296453470748,0.20474222017516652,Out of Stock,0.44897959183673464
Unknown,0.13327270890168738,0.8087643076740986,In Stock,0.5102040816326531
Unknown,0.8680408204506416,0.5469546312285442,In Stock,0.4897959183673469
Unknown,0.27725573406082654,0.66054380740423,In Stock,0.12244897959183673
Unknown,0.36061432757401235,0.5207552497147244,In Stock,0.9591836734693877
C,0.06709103768818833,0.6146882930143049,In Stock,0.3877551020408163
Unknown,0.05183388905729009,0.5207552497147244,Out of Stock,0.04081632653061224
Unknown,0.4250783065575427,0.5207552497147244,Out of Stock,0.3469387755102041
Unknown,0.2874608467212287,0.023397189707167254,Out of Stock,0.5102040816326531
Unknown,0.2767505304637769,0.37789202371789576,In Stock,0.8163265306122448
B,0.3860765888653127,0.11874730858978783,In Stock,0.2040816326530612
Unknown,0.5613822370415277,0.741135812886471,In Stock,0.5918367346938775
Unknown,0.672628069111852,0.5207552497147244,Out of Stock,0.7142857142857142
Unknown,0.05890673941598464,0.5207552497147244,Out of Stock,0.4897959183673469
Unknown,0.5157118318682429,0.5207552497147244,In Stock,0.7142857142857142
Unknown,0.5771445892694755,0.7892828043380345,Out of Stock,0.24489795918367346
Unknown,0.13307062746286755,0.3440206113170754,In Stock,0.02040816326530612
A,0.5975548145902798,0.21109773435672363,In Stock,0.02040816326530612
Unknown,0.5919975750227341,0.5207552497147244,In Stock,0.36734693877551017
Unknown,0.9484692331009397,0.5207552497147244,In Stock,0.1020408163265306
Unknown,0.14711528746084673,0.5207552497147244,In Stock,0.24489795918367346
Unknown,0.38294432656360516,0.2451218435049195,In Stock,0.12244897959183673
Unknown,0.6872789734262907,0.5207552497147244,Out of Stock,0.7346938775510203
Unknown,0.05668384358896635,0.5213372160526535,Out of Stock,0.1020408163265306
A,0.18268162069313934,0.9548997192563687,In Stock,0.5102040816326531
Unknown,0.2730120238456098,0.08851334306946329,Out of Stock,0.7142857142857142
D,0.8611700515307669,0.7567455569404707,In Stock,0.7346938775510203
Unknown,0.8788521774275032,0.8421416307308013,Out of Stock,0.5306122448979591
Unknown,0.3624330605233909,0.5207552497147244,Out of Stock,0.061224489795918366
A,0.6837425482469435,0.5028566444987647,Out of Stock,0.9999999999999999
Unknown,0.3535414772153178,0.5207552497147244,In Stock,0.44897959183673464
Unknown,0.66232191573204,0.5207552497147244,In Stock,0.9591836734693877
C,0.4945438011518642,0.5207552497147244,Out of Stock,0.7142857142857142
D,0.5096493887036475,0.5207552497147244,In Stock,0.2040816326530612
B,0.4183085783570779,0.7486927704234924,Out of Stock,0.9591836734693877
Unknown,0.7068808729918157,0.07541982796363478,In Stock,0.4693877551020408
A,0.3279781752046075,0.5207552497147244,In Stock,0.32653061224489793
Unknown,0.4536728301505507,0.5207552497147244,Out of Stock,0.5102040816326531
A,0.6974840860866929,0.5207552497147244,In Stock,0.44897959183673464
A,0.5023744569061331,0.5207552497147244,Out of Stock,0.836734693877551
A,0.9598868343942608,0.5207552497147244,In Stock,0.6326530612244897
Unknown,0.3677882186521168,0.8027003880803202,In Stock,0.3877551020408163
D,0.035566333232292614,0.5207552497147244,Out of Stock,0.6530612244897959
Unknown,0.4850964938870365,0.9043111212121243,In Stock,0.7959183673469387
Unknown,0.9655451146812165,0.5207552497147244,Out of Stock,0.3061224489795918
Unknown,0.41386278670304133,0.5207552497147244,Out of Stock,0.5918367346938775
A,0.629887844801455,0.6624178716397467,In Stock,0.22448979591836732
Unknown,0.9792866525209659,0.8588455634050062,In Stock,0.7959183673469387
D,0.2120844700414267,0.5207552497147244,In Stock,0.5102040816326531
Unknown,0.5275335960392038,0.5207552497147244,Out of Stock,0.32653061224489793
A,0.9144185106597958,0.9427214646304708,Out of Stock,0.22448979591836732
Unknown,0.5373345458219662,0.5207552497147244,Out of Stock,0.42857142857142855
D,0.4709507931696474,0.5207552497147244,Out of Stock,0.22448979591836732
Unknown,0.01465090431443872,0.5207552497147244,In Stock,0.5102040816326531
Unknown,0.19783772860462767,0.9363115258588081,Out of Stock,0.5102040816326531
A,0.3304031524704456,0.5207552497147244,In Stock,0.1020408163265306
D,0.8529857532585632,0.5207552497147244,In Stock,0.5918367346938775
Unknown,0.4945438011518642,0.5207552497147244,In Stock,0.9591836734693877
Unknown,0.32302717995352126,0.5014525509034077,Out of Stock,0.6530612244897959
Unknown,0.20258664241689403,0.5207552497147244,Out of Stock,0.22448979591836732
C,0.6732343134283115,0.6007342185681573,In Stock,0.7142857142857142
Unknown,0.17692229968677378,0.5207552497147244,Out of Stock,0.22448979591836732
C,0.8761240780034354,0.7233903813919617,Out of Stock,0.5102040816326531
Unknown,0.6637364858037789,0.5207552497147244,In Stock,0.6122448979591836
C,0.8382338082247145,0.6022456351562443,Out of Stock,0.08163265306122448
D,0.8729918157017278,0.5207552497147244,In Stock,0.08163265306122448
Unknown,0.8317672021824795,0.3908498320643303,In Stock,0.32653061224489793
B,0.2715974537738709,0.5207552497147244,In Stock,0.5102040816326531
B,0.6748509649388703,0.5207552497147244,Out of Stock,0.42857142857142855
Unknown,0.11245832070324341,0.3457585346502694,In Stock,0.6122448979591836
A,0.4945438011518642,0.5207552497147244,In Stock,0.2857142857142857
Unknown,0.8846114984338688,0.5207552497147244,In Stock,0.3061224489795918
D,0.28089319995958373,0.6733093032301929,Out of Stock,0.5102040816326531
Unknown,0.6195816914216429,0.5207552497147244,In Stock,0.5714285714285714
Unknown,0.11235727998383348,0.12223552824072176,In Stock,0.08163265306122448
A,0.696069516014954,0.024711478100381157,In Stock,0.42857142857142855
Unknown,0.3295948267151662,0.5207552497147244,Out of Stock,0.061224489795918366
Unknown,0.8773365666363544,0.05772922518264456,Out of Stock,0.22448979591836732
Unknown,0.7286046276649489,0.5207552497147244,Out of Stock,0.02040816326530612
Unknown,1.0,0.20877998198513453,In Stock,0.6122448979591836
Unknown,0.8748105486511064,0.5207552497147244,In Stock,0.9999999999999999
B,0.7912498736991007,0.5207552497147244,In Stock,0.7346938775510203
Unknown,0.605233909265434,0.3991665762662491,Out of Stock,0.7959183673469387
Unknown,0.5128826917247651,0.584056918270763,In Stock,0.4081632653061224
Unknown,0.8852177427503284,0.5207552497147244,Out of Stock,0.5102040816326531
D,0.8499545316762654,0.9265222841376767,Out of Stock,0.9387755102040816
A,0.7918561180155602,0.20507360437781774,Out of Stock,0.9795918367346939
A,0.135091441851066,0.12494028312185984,In Stock,0.5714285714285714
Unknown,0.6950591088208548,0.5207552497147244,Out of Stock,0.4897959183673469
Unknown,0.7658886531272102,0.3274949544117396,Out of Stock,0.44897959183673464
Unknown,0.589572597756896,0.5207552497147244,In Stock,0.5102040816326531
A,0.008386379711023543,0.5207552497147244,Out of Stock,0.18367346938775508
Unknown,0.5753258563200969,0.5207552497147244,In Stock,0.8979591836734693
Unknown,0.3580883095887643,0.5207552497147244,Out of Stock,0.673469387755102
Unknown,0.6512074365969486,0.6478672184432911,In Stock,0.12244897959183673
Unknown,0.14357886228149946,0.06155950411295896,Out of Stock,0.44897959183673464
Unknown,0.94786298878448,0.45603122986787303,In Stock,0.5102040816326531
Unknown,0.9036071536829342,0.5207552497147244,In Stock,0.7959183673469387
Unknown,0.7876124078003435,0.5207552497147244,In Stock,0.5510204081632653
C,0.7357785187430534,0.5207552497147244,Out of Stock,0.4897959183673469
A,0.05001515610791149,0.5207552497147244,Out of Stock,0.8163265306122448
Unknown,0.615540062645246,0.556143767127819,In Stock,0.2857142857142857
Unknown,0.13660705264221482,0.5207552497147244,In Stock,0.7551020408163265
Unknown,0.8614731736889967,0.5207552497147244,In Stock,0.2857142857142857
D,0.4945438011518642,0.5207552497147244,In Stock,0.8775510204081632
Unknown,0.13125189451348895,0.5207552497147244,In Stock,0.5102040816326531
Unknown,0.9586743457613418,0.5207552497147244,In Stock,0.836734693877551
Unknown,0.4410427402243104,0.5207552497147244,In Stock,0.0
Unknown,0.7983227240577953,0.06794259005537812,Out of Stock,0.1020408163265306
Unknown,0.5892694755986663,0.5207552497147244,In Stock,0.36734693877551017
Unknown,0.27877134485197536,0.8014561061957183,In Stock,0.5102040816326531
Unknown,0.5328887541679297,0.1823107969864361,In Stock,0.16326530612244897
Unknown,0.48347984237647773,0.5207552497147244,In Stock,0.4693877551020408
Unknown,0.3134283116095787,0.5215453185235032,In Stock,0.7142857142857142
Unknown,0.8542992826108922,0.5207552497147244,Out of Stock,0.2040816326530612
D,0.3081741942002627,0.14359493047207128,In Stock,0.12244897959183673
Unknown,0.1297362837223401,0.5207552497147244,In Stock,0.4693877551020408
D,0.6694958068101444,0.5207552497147244,In Stock,0.7959183673469387
Unknown,0.21137718500555724,0.0159751591272142,Out of Stock,0.44897959183673464
Unknown,0.7426492876629281,0.5207552497147244,In Stock,0.2857142857142857
Unknown,0.5142972617965039,0.16604208472197873,Out of Stock,0.5102040816326531
Unknown,0.9780741638880468,0.36791307244201144,In Stock,0.5102040816326531
Unknown,0.7407295139941396,0.5207552497147244,In Stock,0.24489795918367346
Unknown,0.4985349095685561,0.5207552497147244,Out of Stock,0.5102040816326531
Unknown,0.4686268566232192,0.5207552497147244,Out of Stock,0.8571428571428571
D,0.11730827523491967,0.5207552497147244,In Stock,0.5102040816326531
D,0.8340911387289077,0.18930730252552974,In Stock,0.7551020408163265
C,0.48307567949883806,0.5894347897946882,In Stock,0.4081632653061224
C,0.8421743962817015,0.7193682655138696,Out of Stock,0.42857142857142855
Unknown,0.3476811154895423,0.6367581199700102,In Stock,0.12244897959183673
C,0.6404971203394968,0.5207552497147244,In Stock,0.0
A,0.8871375164191169,0.5207552497147244,In Stock,0.5714285714285714
D,0.06355461250884106,0.5207552497147244,In Stock,0.32653061224489793
B,0.9811053854703445,0.6901382389955696,In Stock,0.5102040816326531
Unknown,0.7705365262200666,0.6058468897696105,In Stock,0.9183673469387754
D,0.17399211882388604,0.022658491258687352,In Stock,0.061224489795918366
Unknown,0.3379812064261898,0.5207552497147244,Out of Stock,0.9183673469387754
Unknown,0.7598262099626149,0.42557150621957196,In Stock,0.3061224489795918
B,0.33525310700212185,0.046152140646302464,In Stock,0.3877551020408163
B,0.8728907749823178,0.7334860467533464,Out of Stock,0.5102040816326531
Unknown,0.3002930180862888,0.5207552497147244,In Stock,0.061224489795918366
Unknown,0.4945438011518642,0.03031673573637972,In Stock,0.6530612244897959
A,0.36809134081034656,0.8018429481268184,In Stock,0.18367346938775508
Unknown,0.29705971506517126,0.5207552497147244,Out of Stock,0.32653061224489793
Unknown,0.23219157320400122,0.09526228908037682,Out of Stock,0.6938775510204082
C,0.4035566333232293,0.5207552497147244,In Stock,0.8571428571428571
Unknown,0.4097201172072345,0.5207552497147244,Out of Stock,0.6122448979591836
Unknown,0.5291502475497625,0.5207552497147244,Out of Stock,0.7959183673469387
D,0.4546832373446499,0.5207552497147244,Out of Stock,0.3469387755102041
D,0.18833990098009498,0.8363241471027812,In Stock,0.08163265306122448
D,0.7380014145700717,0.6663664968925552,In Stock,0.5102040816326531
Unknown,0.26331211478225724,0.78526941608509,In Stock,0.8979591836734693
Unknown,0.4945438011518642,0.016369336448436356,In Stock,0.14285714285714285
D,0.11316560573911286,0.5207552497147244,Out of Stock,0.9999999999999999
B,0.3616247347681116,0.5207552497147244,Out of Stock,0.16326530612244897
Unknown,0.8091340810346569,0.5207552497147244,In Stock,0.9795918367346939
D,0.9425078306557543,0.23728464775162883,In Stock,0.3061224489795918
A,0.12387592199656462,0.5207552497147244,Out of Stock,0.6122448979591836
C,0.6146306961705567,0.9980067753560863,Out of Stock,0.7959183673469387
Unknown,0.5495604728705668,0.5207552497147244,In Stock,0.14285714285714285
Unknown,0.9933313125189451,0.5207552497147244,Out of Stock,0.8163265306122448
C,0.34616550469839347,0.9218562283235184,In Stock,0.5102040816326531
Unknown,0.4264928766292816,0.5207552497147244,Out of Stock,0.9183673469387754
Unknown,0.13327270890168738,0.2255028649373202,In Stock,0.9999999999999999
Unknown,0.8398504597352733,0.5207552497147244,In Stock,0.4897959183673469
Unknown,0.0477922602808932,0.5454733419077912,In Stock,0.8163265306122448
Unknown,0.5566333232292614,0.5207552497147244,Out of Stock,0.673469387755102
D,0.37031423663736485,0.5207552497147244,Out of Stock,0.673469387755102
D,0.9988885520864907,0.22657877260340986,In Stock,0.5102040816326531
Unknown,0.5621905627968071,0.4593704235761866,In Stock,0.9999999999999999
Unknown,0.9959583712236031,0.9062339718871829,In Stock,0.9387755102040816
Unknown,0.8072143073658684,0.30972456130033243,In Stock,0.9591836734693877
A,0.794685258159038,0.679105330710036,In Stock,0.8571428571428571
Unknown,0.09184601394361927,0.5378810430820299,Out of Stock,0.2040816326530612
A,0.2516924320501162,0.036311554965085646,In Stock,0.8775510204081632
Unknown,0.9961604526624228,0.4011180525406054,In Stock,0.5102040816326531
D,0.92199656461554,0.31312025676694333,In Stock,0.18367346938775508
B,0.7279983833484894,0.5207552497147244,In Stock,0.7346938775510203
Unknown,0.5316762655350106,0.5207552497147244,In Stock,0.5918367346938775
Unknown,0.17540668889562494,0.5955798027257477,Out of Stock,0.36734693877551017
Unknown,0.4945438011518642,0.5465615238716519,In Stock,0.42857142857142855
B,0.29251288269172476,0.04760189450487551,In Stock,0.32653061224489793
Unknown,0.245427907446701,0.9813506034849943,In Stock,0.6122448979591836
Unknown,0.23593007982216835,0.995864444692513,In Stock,0.5102040816326531
C,0.2962513893098919,0.6926846936330694,Out of Stock,0.22448979591836732
B,0.45175305648176217,0.20581299513730072,In Stock,0.1020408163265306
C,0.23886026068505609,0.38052575369453323,In Stock,0.8979591836734693
B,0.21622713953723352,0.5207552497147244,In Stock,0.26530612244897955
Unknown,0.7783166616146306,0.5207552497147244,In Stock,0.4081632653061224
Unknown,0.24502374456906134,0.9609536396949748,Out of Stock,0.9999999999999999
Unknown,0.12892795796706075,0.5207552497147244,In Stock,0.8979591836734693
Unknown,0.6873800141457007,0.5207552497147244,In Stock,0.7142857142857142
Unknown,0.4908558148934021,0.7481510330515462,Out of Stock,0.6326530612244897
Unknown,0.49681721733858747,0.5207552497147244,Out of Stock,0.3469387755102041
Unknown,0.8554107305244013,0.3175194841526833,In Stock,0.3061224489795918
Unknown,0.7169849449328078,0.5207552497147244,In Stock,0.36734693877551017
B,0.48529857532585635,0.5207552497147244,Out of Stock,0.4693877551020408
Unknown,0.9922198646054359,0.9922146113105598,In Stock,0.8571428571428571
Unknown,0.2699808022633121,0.5207552497147244,In Stock,0.0
A,0.44629685763362636,0.8723491214286198,In Stock,0.7959183673469387
Unknown,0.794685258159038,0.5207552497147244,In Stock,0.26530612244897955
Unknown,0.6516115994745882,0.5207552497147244,In Stock,0.5714285714285714
C,0.3767808426795999,0.7432572716927763,In Stock,0.3877551020408163
C,0.26654541780337476,0.5207552497147244,In Stock,0.0
C,0.9060321309487723,0.5207552497147244,In Stock,0.5714285714285714
Unknown,0.06476710114176013,0.566930981792342,In Stock,0.5102040816326531
Unknown,0.4945438011518642,0.5207552497147244,In Stock,0.5102040816326531
A,0.871274123471759,0.7141186780817876,In Stock,0.18367346938775508
B,0.6669697888248964,0.5207552497147244,In Stock,0.18367346938775508
Unknown,0.4945438011518642,0.20074347915138824,Out of Stock,0.3877551020408163
Unknown,0.7820551682327977,0.6472180712445521,In Stock,0.32653061224489793
A,0.6122057189047185,0.25329431768785504,Out of Stock,0.36734693877551017
C,0.6043245427907447,0.30847361536598716,Out of Stock,0.7346938775510203
Unknown,0.6995049004748913,0.8580588078735097,In Stock,0.5102040816326531
Unknown,0.017581085177326462,0.6122371238427488,In Stock,0.061224489795918366
Unknown,0.43114074972213806,0.7713623182223802,Out of Stock,0.16326530612244897
Unknown,0.6511063958775386,0.5207552497147244,In Stock,0.9999999999999999
Unknown,0.2736182681620693,0.47836206844374984,In Stock,0.9591836734693877
Unknown,0.5131858138829948,0.5207552497147244,In Stock,0.8979591836734693
A,0.6816206931393352,0.9824198458239631,Out of Stock,0.5306122448979591
Unknown,0.08750126300899262,0.011427973441598405,In Stock,0.8571428571428571
D,0.19167424472062242,0.6537476605189653,Out of Stock,0.4081632653061224
B,0.7881176113973931,0.18502118348652613,In Stock,0.8979591836734693
C,0.5321814691320602,0.5207552497147244,In Stock,0.5918367346938775
A,0.1046781853086794,0.9364737738767218,In Stock,0.08163265306122448
Unknown,0.914317469940386,0.05641293459342317,In Stock,0.36734693877551017
Unknown,0.12619985854299284,0.4349701238245405,In Stock,0.061224489795918366
Unknown,0.2944326563605133,0.06169749997974572,In Stock,0.02040816326530612
C,0.10407194099221986,0.26101381737411145,Out of Stock,0.24489795918367346
Unknown,0.48216631302414875,0.5207552497147244,In Stock,0.4081632653061224
D,0.4945438011518642,0.7553768796904176,Out of Stock,0.1020408163265306
Unknown,0.10205112660402142,0.5207552497147244,Out of Stock,0.02040816326530612
Unknown,0.7420430433464685,0.5207552497147244,In Stock,0.8571428571428571
Unknown,0.4824694351823785,0.5207552497147244,In Stock,0.6122448979591836
A,0.7746791957158734,0.5207552497147244,In Stock,0.9183673469387754
A,0.42891785389511977,0.9755425871207907,In Stock,0.5102040816326531
Unknown,0.5302616954632716,0.5207552497147244,Out of Stock,0.5510204081632653
C,0.3079721127614429,0.5207552497147244,In Stock,0.14285714285714285
C,0.7020309184601394,0.5207552497147244,In Stock,0.7551020408163265
B,0.6326159442255228,0.6855357502910323,Out of Stock,0.26530612244897955
Unknown,0.7615439021925836,0.5207552497147244,Out of Stock,0.673469387755102
B,0.1483277760937658,0.7257949221369252,In Stock,0.7959183673469387
C,0.36607052642214816,0.7433365049405521,In Stock,0.16326530612244897
Unknown,0.11629786804082044,0.5207552497147244,In Stock,0.4897959183673469
Unknown,0.4602404769121956,0.5207552497147244,In Stock,0.6122448979591836
Unknown,0.536425179347277,0.5207552497147244,Out of Stock,0.5102040816326531
Unknown,0.3059512983732444,0.5207552497147244,In Stock,0.061224489795918366
D,0.4001212488632919,0.6302152535161529,Out of Stock,0.5102040816326531
B,0.8509649388703647,0.5207552497147244,In Stock,0.1020408163265306
Unknown,0.8273214105284429,0.5207552497147244,In Stock,0.5102040816326531
Unknown,0.4205314741840962,0.7277925794685104,In Stock,0.061224489795918366
Unknown,0.2958472264322522,0.9973203956953424,Out of Stock,0.7551020408163265
Unknown,0.00030312215822976725,0.14084808264457915,Out of Stock,0.6326530612244897
Unknown,0.48994644841871277,0.5207552497147244,In Stock,0.836734693877551
Unknown,0.9547337577043549,0.5207552497147244,Out of Stock,0.08163265306122448
B,0.8065070223299989,0.5207552497147244,In Stock,0.4897959183673469
Unknown,0.9262402748307568,0.5207552497147244,Out of Stock,0.2040816326530612
Unknown,0.9928261089218955,0.5207552497147244,In Stock,0.5510204081632653
Unknown,0.7379003738506618,0.5207552497147244,In Stock,0.6326530612244897
Unknown,0.4496312013741538,0.19125988543569156,Out of Stock,0.5714285714285714
Unknown,0.9244215418813782,0.5207552497147244,Out of Stock,0.3877551020408163
D,0.4931797514398302,0.818552443955035,In Stock,0.14285714285714285
Unknown,0.9151257956956653,0.7653623458381912,Out of Stock,0.18367346938775508
Unknown,0.3586945539052238,0.6400732209846136,In Stock,0.4897959183673469
Unknown,0.6992017783166615,0.12907074381354594,Out of Stock,0.2857142857142857
D,0.04496312013741538,0.1190090834155007,In Stock,0.3061224489795918
Unknown,0.7645751237748812,0.5207552497147244,In Stock,0.8571428571428571
Unknown,0.5057088006466606,0.5207552497147244,In Stock,0.3469387755102041
Unknown,0.6683843588966353,0.9356634526150925,In Stock,0.4081632653061224
Unknown,0.3175709811053855,0.8301957264614414,Out of Stock,0.2857142857142857
Unknown,0.553197938769324,0.7913396422796813,In Stock,0.8775510204081632
Unknown,0.709103768818834,0.6135705089474508,Out of Stock,0.673469387755102
A,0.4945438011518642,0.5207552497147244,In Stock,0.36734693877551017
D,0.6809134081034657,0.24600697232465174,Out of Stock,0.5714285714285714
B,0.5008588461149843,0.5207552497147244,Out of Stock,0.32653061224489793
B,0.5144993432353238,0.5043006110696164,Out of Stock,0.24489795918367346
Unknown,0.15701727796301912,0.2646081694418555,In Stock,0.12244897959183673
Unknown,0.28028695564312417,0.5453896889534272,In Stock,0.4897959183673469
Unknown,0.283116095786602,0.6843655126632145,In Stock,0.8775510204081632
Unknown,0.8125694654945943,0.5207552497147244,In Stock,0.36734693877551017
Unknown,0.914317469940386,0.5207552497147244,In Stock,0.5510204081632653
Unknown,0.836212993836516,0.023231687973319037,Out of Stock,0.7142857142857142
B,0.6652520965949277,0.6122572399328172,In Stock,0.9999999999999999
B,0.7880165706779831,0.7208433949379665,In Stock,0.6326530612244897
A,0.7289077498231787,0.03572291413751488,In Stock,0.0
Unknown,0.2957461857128423,0.5207552497147244,Out of Stock,0.5102040816326531
Unknown,0.21168030716378702,0.192613174895937,Out of Stock,0.6122448979591836
A,0.19480650702233002,0.5207552497147244,Out of Stock,0.5102040816326531
Unknown,0.4945438011518642,0.5207552497147244,In Stock,0.8979591836734693
Unknown,0.9205819945438011,0.5207552497147244,Out of Stock,0.9591836734693877
Unknown,0.13337374962109733,0.30663881211081745,Out of Stock,0.5714285714285714
Unknown,0.2615944225522886,0.5207552497147244,In Stock,0.9795918367346939
Unknown,0.11680307163787006,0.39556849827280893,In Stock,0.5918367346938775
Unknown,0.8751136708093361,0.9511263891451257,Out of Stock,0.22448979591836732
Unknown,0.6396887945842173,0.1976399097479119,In Stock,0.5102040816326531
Unknown,0.741436799030009,0.5207552497147244,Out of Stock,0.5102040816326531
A,0.4945438011518642,0.431700533681295,Out of Stock,0.6938775510204082
Unknown,0.697282004647873,0.5207552497147244,In Stock,0.061224489795918366
Unknown,0.7058704657977164,0.8199843801730226,Out of Stock,0.5306122448979591
A,0.1491361018490452,0.5207552497147244,In Stock,0.5102040816326531
D,0.04678185308679398,0.15366206731634613,In Stock,0.9999999999999999
Unknown,0.2648277255734061,0.5207552497147244,In Stock,0.8979591836734693
Unknown,0.38658179246236235,0.5207552497147244,In Stock,0.18367346938775508
Unknown,0.4678185308679398,0.5207552497147244,Out of Stock,0.9183673469387754
Unknown,0.345458219662524,0.5207552497147244,In Stock,0.673469387755102
D,0.2984742851369102,0.5207552497147244,In Stock,0.061224489795918366
Unknown,0.8169142164292209,0.3482764147262043,Out of Stock,0.5102040816326531
Unknown,0.6107911488329797,0.5207552497147244,In Stock,0.08163265306122448
C,0.48297463877942814,0.5207552497147244,In Stock,0.16326530612244897
Unknown,0.07396180660806305,0.8588507689711345,Out of Stock,0.8571428571428571
Unknown,0.6930382944326563,0.5207552497147244,In Stock,0.2040816326530612
Unknown,0.13094877235525917,0.5207552497147244,In Stock,0.26530612244897955
B,0.46458522784682227,0.07784555601073007,Out of Stock,0.44897959183673464
Unknown,0.7846822269374557,0.6860064384810856,In Stock,0.2857142857142857
Unknown,0.862180458724866,0.5207552497147244,In Stock,0.6122448979591836
Unknown,0.45458219662523996,0.598771778384237,Out of Stock,0.14285714285714285
C,0.07790239466505001,0.5207552497147244,In Stock,0.3061224489795918
A,0.3885015661311509,0.5207552497147244,In Stock,0.9795918367346939
A,0.045468323734464994,0.8413036944141438,In Stock,0.9591836734693877
Unknown,0.13094877235525917,0.5874036330587828,Out of Stock,0.6326530612244897
B,0.8673335354147721,0.7588502609178497,Out of Stock,0.22448979591836732
B,0.38961301404466003,0.3419566710106057,In Stock,0.26530612244897955
Unknown,0.0064666060422350225,0.9964894487503263,Out of Stock,0.9183673469387754
Unknown,0.43164595331918765,0.031010626484614223,In Stock,0.26530612244897955
Unknown,0.9258361119531171,0.5207552497147244,In Stock,0.9591836734693877
D,0.9173486915226836,0.5207552497147244,Out of Stock,0.2857142857142857
Unknown,0.9966656562594725,0.5207552497147244,Out of Stock,0.32653061224489793
Unknown,0.7057694250783065,0.5207552497147244,Out of Stock,0.9591836734693877
D,0.3608164090128322,0.4800225829504341,Out of Stock,0.8163265306122448
C,0.6731332727089017,0.5207552497147244,In Stock,0.9387755102040816
Unknown,0.8236839446296857,0.5207552497147244,In Stock,0.14285714285714285
Unknown,0.23926442356269578,0.4478994935556484,Out of Stock,0.4693877551020408
A,0.7848843083762757,0.5207552497147244,Out of Stock,0.9183673469387754
Unknown,0.9522077397191068,0.5207552497147244,In Stock,0.1020408163265306
Unknown,0.33282812973628373,0.28314722638627365,In Stock,0.7142857142857142
Unknown,0.4945438011518642,0.43401642629136905,In Stock,0.9591836734693877
B,0.851874305345054,0.5207552497147244,In Stock,0.02040816326530612
Unknown,0.6275639082550267,0.8617718081759439,Out of Stock,0.36734693877551017
A,0.1097302212791755,0.37903369023753053,In Stock,0.6326530612244897
Unknown,0.22865514802465395,0.5207552497147244,Out of Stock,0.6326530612244897
B,0.01879357381024553,0.2503806086337367,In Stock,0.22448979591836732
Unknown,0.4958068101444883,0.5208835075185309,Out of Stock,0.7551020408163265
Unknown,0.9631201374153784,0.5207552497147244,In Stock,0.9795918367346939
Unknown,0.9480650702233,0.5207552497147244,In Stock,0.4897959183673469
Unknown,0.7347681115489542,0.5207552497147244,In Stock,0.8775510204081632
Unknown,0.013236334242699809,0.4121049705765859,In Stock,0.14285714285714285
C,0.5278367181974335,0.36807396522750024,In Stock,0.08163265306122448
A,0.5208649085581489,0.5207552497147244,In Stock,0.6326530612244897
A,0.17692229968677378,0.510643696496323,In Stock,0.3061224489795918
Unknown,0.5269273517227442,0.2033927005749817,In Stock,0.44897959183673464
C,0.07133474790340506,0.5207552497147244,In Stock,0.18367346938775508
D,0.2661412549257351,0.36663159530029477,In Stock,0.24489795918367346
Unknown,0.2152167323431343,0.35310476455122464,In Stock,0.04081632653061224
Unknown,0.9221986460543599,0.7284928717212108,In Stock,0.8163265306122448
Unknown,0.4945438011518642,0.17550773468731296,Out of Stock,0.7142857142857142
Unknown,0.6372638173183792,0.7111570903844368,Out of Stock,0.7142857142857142
Unknown,0.6181671213499039,0.5207552497147244,In Stock,0.8979591836734693
Unknown,0.9757502273416186,0.5207552497147244,In Stock,0.1020408163265306
Unknown,0.6993028190360715,0.6268013505806619,In Stock,0.5102040816326531
Unknown,0.6810144488228755,0.5207552497147244,In Stock,0.2857142857142857
Unknown,0.501161968273214,0.5207552497147244,In Stock,0.3469387755102041
C,0.36657573001919774,0.08416600399782881,In Stock,0.8571428571428571
Unknown,0.2211781347883197,0.5207552497147244,In Stock,0.5918367346938775
Unknown,0.5906840456704051,0.5207552497147244,Out of Stock,0.5102040816326531
D,0.6121046781853087,0.5207552497147244,In Stock,0.02040816326530612
A,0.3405072244114378,0.1418513591817664,In Stock,0.5102040816326531
Unknown,0.09002728099424068,0.6790574968278222,In Stock,0.836734693877551
Unknown,0.868748105486511,0.5207552497147244,In Stock,0.6122448979591836
B,0.2926139234111347,0.7717788185924476,In Stock,0.14285714285714285
C,0.4945438011518642,0.5207552497147244,In Stock,0.5918367346938775
Unknown,0.6243306052339093,0.4292154476979001,In Stock,0.836734693877551
D,0.10659795897746792,0.2922807482211103,In Stock,0.5102040816326531
Unknown,0.7062746286753562,0.5207552497147244,In Stock,0.5102040816326531
C,0.4945438011518642,0.5207552497147244,Out of Stock,0.6938775510204082
C,0.3975952308780439,0.11997280614499323,In Stock,0.8775510204081632
A,0.8192381529756492,0.5207552497147244,Out of Stock,0.2040816326530612
A,0.6758613721329696,0.5207552497147244,In Stock,0.673469387755102
Unknown,0.011821764170960898,0.586837920068282,In Stock,0.5102040816326531
Unknown,0.45458219662523996,0.5207552497147244,In Stock,0.673469387755102
A,0.5346064463978983,0.019053027278382373,In Stock,0.9591836734693877
Unknown,0.19601899565524908,0.5207552497147244,In Stock,0.4081632653061224
C,0.3373749621097302,0.2682074768186268,In Stock,0.7551020408163265
Unknown,0.4989390724461958,0.46190857992962686,In Stock,0.7959183673469387
A,0.38708699605941194,0.5242098605888369,In Stock,0.42857142857142855
Unknown,0.3027179953521269,0.5207552497147244,In Stock,0.42857142857142855
Unknown,0.5614832777609376,0.5207552497147244,In Stock,0.4693877551020408
B,0.657168839042134,0.5207552497147244,In Stock,0.9183673469387754
Unknown,0.4595331918763262,0.5910438095221472,In Stock,0.061224489795918366
Unknown,0.45225826007881176,0.5207552497147244,In Stock,0.44897959183673464
Unknown,0.026775790643629387,0.903420374052453,In Stock,0.7755102040816326
C,0.5866424168940082,0.5207552497147244,In Stock,0.7142857142857142
Unknown,0.7742750328382337,0.5207552497147244,In Stock,0.7142857142857142
Unknown,0.07658886531272102,0.5207552497147244,In Stock,0.5714285714285714
Unknown,0.4945438011518642,0.42125534946863896,In Stock,0.6122448979591836
A,0.41477215317773064,0.5207552497147244,Out of Stock,0.3061224489795918
C,0.4520561786399919,0.5207552497147244,In Stock,0.5102040816326531
Unknown,0.4632716984944933,0.4986925551301258,In Stock,0.9999999999999999
Unknown,0.19359401838941095,0.9941333163551601,In Stock,0.6938775510204082
C,0.8288370213195918,0.4846880975456993,In Stock,0.6326530612244897
Unknown,0.4442760432454279,0.9307375546090447,In Stock,0.26530612244897955
Unknown,0.8783469738304537,0.5207552497147244,In Stock,0.3061224489795918
Unknown,0.3435384459937355,0.9065461741168671,In Stock,0.6122448979591836
Unknown,0.3885015661311509,0.5207552497147244,In Stock,0.7959183673469387
Unknown,0.9461452965545114,0.5207552497147244,In Stock,0.6938775510204082
Unknown,0.8196423158532888,0.13872190341615614,In Stock,0.3877551020408163
C,0.6005860361725776,0.054070615760774265,In Stock,0.24489795918367346
Unknown,0.6697989289683742,0.5207552497147244,In Stock,0.4897959183673469
A,0.8182277457815499,0.5207552497147244,In Stock,0.44897959183673464
Unknown,0.7787208244922703,0.5207552497147244,In Stock,0.3469387755102041
A,0.42720016166515107,0.5207552497147244,In Stock,0.7142857142857142
Unknown,0.19167424472062242,0.5207552497147244,Out of Stock,0.5918367346938775
Unknown,0.009194705466302919,0.5207552497147244,In Stock,0.7959183673469387
Unknown,0.4711528746084672,0.5207552497147244,Out of Stock,0.5510204081632653
D,0.9409922198646054,0.5207552497147244,In Stock,0.061224489795918366
C,0.3963827422451248,0.5207552497147244,In Stock,0.8571428571428571
Unknown,0.30706274628675356,0.5207552497147244,In Stock,0.26530612244897955
Unknown,0.612913003940588,0.5207552497147244,Out of Stock,0.4897959183673469
Unknown,0.5096493887036475,0.5207552497147244,In Stock,0.4693877551020408
Unknown,0.4945438011518642,0.12380279527611837,Out of Stock,0.9591836734693877
Unknown,0.1437809437203193,0.9938588879176716,Out of Stock,0.9387755102040816
Unknown,0.7762958472264322,0.10545021857619685,Out of Stock,0.7959183673469387
A,0.4144690310195009,0.21417004669058687,In Stock,0.3061224489795918
D,0.9098716782863494,0.3674584327943038,In Stock,0.4693877551020408
B,0.4945438011518642,0.5207552497147244,In Stock,0.7551020408163265
C,0.5640092957461856,0.5207552497147244,In Stock,0.7142857142857142
Unknown,0.2735172274426594,0.7249597798216427,Out of Stock,0.5714285714285714
Unknown,0.8825906840456703,0.5207552497147244,In Stock,0.9795918367346939
Unknown,0.19238152975649186,0.7279507682955579,In Stock,0.5510204081632653
A,0.6982924118419723,0.5207552497147244,Out of Stock,0.9591836734693877
Unknown,0.4028493482873598,0.5207552497147244,Out of Stock,0.6938775510204082
Unknown,0.9486713145397595,0.5207552497147244,Out of Stock,0.5102040816326531
Unknown,0.21764170960897242,0.3544472346787667,In Stock,0.9591836734693877
A,0.02020814388198444,0.5207552497147244,In Stock,0.6122448979591836
A,0.6551480246539355,0.7430860772186466,Out of Stock,0.26530612244897955
Unknown,0.3050419318985551,0.5627464990623546,Out of Stock,0.8775510204081632
Unknown,0.17965039911084169,0.7948473575847245,Out of Stock,0.673469387755102
B,0.6269576639385672,0.9107989626665948,In Stock,0.5102040816326531
C,0.29796908153986057,0.013071404699020794,In Stock,0.836734693877551
B,0.8651106395877538,0.5207552497147244,In Stock,0.2040816326530612
C,0.04860058603617258,0.9680959147826417,In Stock,0.7959183673469387
Unknown,0.5235930079822168,0.9316755489315577,In Stock,0.9183673469387754
B,0.3516217035465293,0.5207552497147244,Out of Stock,0.8775510204081632
Unknown,0.9192684651914721,0.7464206821401498,In Stock,0.4693877551020408
C,0.9366474689299787,0.3270513979161759,Out of Stock,0.5306122448979591
Unknown,0.6202889764575124,0.5207552497147244,In Stock,0.8979591836734693
D,0.87006163483884,0.959595949781627,Out of Stock,0.7755102040816326
Unknown,0.4213397999393756,0.0010497649122953034,Out of Stock,0.6530612244897959
Unknown,0.3372739213903203,0.20127984040945213,In Stock,0.5102040816326531
Unknown,0.45933111043750635,0.811171652116491,In Stock,0.8979591836734693
Unknown,0.024047691219561483,0.9721055011486807,Out of Stock,0.5510204081632653
Unknown,0.07881176113973931,0.5117602989331237,Out of Stock,0.22448979591836732
Unknown,0.9785793674850964,0.8376974851092428,In Stock,0.5102040816326531
C,0.4945438011518642,0.7688726442061607,Out of Stock,0.5102040816326531
Unknown,0.46983934525613824,0.45622685231952376,Out of Stock,0.4081632653061224
Unknown,0.3213094877235526,0.5207552497147244,In Stock,0.26530612244897955
Unknown,0.25431949075477417,0.3562143332833072,In Stock,0.5102040816326531
Unknown,0.9530160654743861,0.5207552497147244,In Stock,0.6530612244897959
Unknown,0.5828028695564312,0.5207552497147244,Out of Stock,0.3061224489795918
Unknown,0.14317469940385977,0.4200230941017661,Out of Stock,0.6530612244897959
Unknown,0.2344144690310195,0.5207552497147244,In Stock,0.5714285714285714
D,0.34434677174901485,0.5207552497147244,Out of Stock,0.5714285714285714
Unknown,0.06032130948772355,0.8444059708246686,In Stock,0.18367346938775508
Unknown,0.17762958472264323,0.3317093490373373,In Stock,0.9795918367346939
Unknown,0.9627159745377387,0.5207552497147244,In Stock,0.42857142857142855
A,0.6215014650904314,0.5207552497147244,In Stock,0.5102040816326531
D,0.14458926947559866,0.5207552497147244,Out of Stock,0.5102040816326531
C,0.7231484288168132,0.5207552497147244,Out of Stock,0.1020408163265306
Unknown,0.8372234010306153,0.7343972750649338,In Stock,0.9999999999999999
B,0.27270890168738005,0.5207552497147244,In Stock,0.2040816326530612
A,0.8966353440436495,0.4189284686449323,In Stock,0.1020408163265306
Unknown,0.6823279781752045,0.5207552497147244,In Stock,0.5102040816326531
Unknown,0.6451449934323532,0.5690746531462227,Out of Stock,0.18367346938775508
C,0.04152773567747803,0.1378234569660408,In Stock,0.36734693877551017
Unknown,0.7720521370112154,0.5207552497147244,In Stock,0.9183673469387754
A,0.47913509144185107,0.4526327301557701,Out of Stock,0.5102040816326531
C,0.885621905627968,0.4476322694997844,In Stock,0.5102040816326531
Unknown,0.8782459331110437,0.5207552497147244,In Stock,0.6938775510204082
Unknown,0.7420430433464685,0.3792461926428967,Out of Stock,0.1020408163265306
Unknown,0.006769728200464788,0.39986277505807866,In Stock,0.9999999999999999
Unknown,0.6090734566030109,0.5207552497147244,In Stock,0.24489795918367346
Unknown,0.10599171466100839,0.2175986726708799,In Stock,0.18367346938775508
Unknown,0.18096392846317066,0.3539664529552672,Out of Stock,0.673469387755102
C,0.7420430433464685,0.5207552497147244,In Stock,0.5102040816326531
Unknown,0.25654238658179246,0.7648178049259461,Out of Stock,0.1020408163265306
C,0.8820854804486208,0.2962852741565567,In Stock,0.9183673469387754
D,0.7762958472264322,0.2407319285394185,In Stock,0.04081632653061224
Unknown,0.9032029908052945,0.5207552497147244,Out of Stock,0.8571428571428571
C,0.025866424168940083,0.13367317060662365,In Stock,0.1020408163265306
Unknown,0.40618369202788723,0.042754709449132566,Out of Stock,0.3061224489795918
D,0.9914115388501565,0.8064757515085889,In Stock,0.673469387755102
D,0.7371930888147923,0.8852876108497741,In Stock,0.9183673469387754
A,0.5487521471152874,0.5207552497147244,In Stock,0.6326530612244897
C,0.9942406789936344,0.5249662568203423,In Stock,0.836734693877551
Unknown,0.5847226432252197,0.0027850182991120964,In Stock,0.7142857142857142
C,0.19834293220167729,0.44353414970283855,In Stock,0.7755102040816326
Unknown,0.35071233707183996,0.1704623192506871,In Stock,0.16326530612244897
Unknown,0.7221380216227139,0.5207552497147244,Out of Stock,0.8163265306122448
Unknown,0.2789734262907952,0.5207552497147244,Out of Stock,0.4081632653061224
Unknown,0.30787107204203296,0.3591827299895418,Out of Stock,0.22448979591836732
D,0.2520965949277559,0.4234380235741313,In Stock,0.44897959183673464
C,0.4945438011518642,0.380185820176559,Out of Stock,0.9795918367346939
Unknown,0.8487420430433464,0.5207552497147244,In Stock,0.32653061224489793
B,0.4319490754774174,0.39647952230252914,Out of Stock,0.4693877551020408
Unknown,0.2107709406890977,0.26903925568826137,In Stock,0.24489795918367346
Unknown,0.1033646559563504,0.5207552497147244,In Stock,0.3469387755102041
Unknown,0.03223198949176519,0.3011165747655117,In Stock,0.12244897959183673
Unknown,0.8270182883702132,0.8403068462309727,In Stock,0.7142857142857142
C,0.09467515408709709,0.48637908439701893,Out of Stock,0.8979591836734693
Unknown,0.42315853288875416,0.36778478337602494,Out of Stock,0.0
D,0.42386581792462363,0.5761060557580422,In Stock,0.1020408163265306
B,0.24805496615135902,0.5207552497147244,In Stock,0.14285714285714285
Unknown,0.846822269374558,0.08832451121418972,In Stock,0.8979591836734693
A,0.4945438011518642,0.7452175834389361,In Stock,0.42857142857142855
Unknown,0.3677882186521168,0.5207552497147244,Out of Stock,0.061224489795918366
Unknown,0.7997372941295342,0.15301991421947264,In Stock,0.061224489795918366
D,0.48580377892290594,0.9979386019788693,In Stock,0.9183673469387754
Unknown,0.43720319288673337,0.5207552497147244,In Stock,0.16326530612244897
Unknown,0.4132565423865818,0.5273905310602314,In Stock,0.02040816326530612
C,0.5643124179044154,0.5207552497147244,Out of Stock,0.14285714285714285
A,0.9107810447610387,0.2901627048357681,In Stock,0.9183673469387754
A,0.04759017884207336,0.5207552497147244,In Stock,0.4693877551020408
A,0.6067495200565828,0.04073063940728461,Out of Stock,0.44897959183673464
Unknown,0.9459432151156916,0.5207552497147244,In Stock,0.4897959183673469
Unknown,0.5075275335960392,0.5207552497147244,Out of Stock,0.9999999999999999
Unknown,0.038193391936950594,0.4740138977196432,In Stock,0.42857142857142855
Unknown,0.305142972617965,0.5207552497147244,In Stock,0.9387755102040816
D,0.8862281499444276,0.562312779588687,In Stock,0.836734693877551
C,0.10983126199858542,0.9899594793721237,Out of Stock,0.6938775510204082
Unknown,0.9694857027382034,0.5838930238246709,In Stock,0.22448979591836732
A,0.3526321107406285,0.5207552497147244,In Stock,0.6326530612244897
Unknown,0.18076184702435083,0.5207552497147244,In Stock,0.2857142857142857
D,0.9580681014448823,0.3346776273110633,In Stock,0.5510204081632653
Unknown,0.3845609780741639,0.3477879313856638,Out of Stock,0.5510204081632653
Unknown,0.3518237849853491,0.5207552497147244,In Stock,0.8979591836734693
D,0.39345256138223705,0.5207552497147244,Out of Stock,0.5102040816326531
Unknown,0.658381327675053,0.2100646454496991,In Stock,0.9795918367346939
B,0.5003536425179347,0.22333705688002758,In Stock,0.1020408163265306
D,0.8748105486511064,0.5207552497147244,In Stock,0.8571428571428571
B,0.6127109225017682,0.5207552497147244,In Stock,0.9591836734693877
Unknown,0.6522178437910477,0.5207552497147244,In Stock,0.18367346938775508
D,0.9792866525209659,0.2826733924242828,Out of Stock,0.2857142857142857
C,0.7670001010407194,0.5207552497147244,In Stock,0.7142857142857142
A,0.5854299282610892,0.5207552497147244,Out of Stock,0.836734693877551
Unknown,0.036374658987571994,0.08271332286999095,In Stock,0.5918367346938775
Unknown,0.4618571284227544,0.9620717621594849,Out of Stock,0.0
B,0.4980297059715066,0.21610039194946862,In Stock,0.5102040816326531
Unknown,0.8658179246236233,0.5207552497147244,In Stock,0.0
Unknown,0.31928867333535416,0.5207552497147244,In Stock,0.16326530612244897
A,0.2897847832676569,0.2572536479851646,Out of Stock,0.04081632653061224
Unknown,0.667474992421946,0.5445564576385532,In Stock,0.4897959183673469
Unknown,0.9045165201576235,0.5418267287356755,In Stock,0.5306122448979591
Unknown,0.7244619581691422,0.3418282139911327,In Stock,0.5918367346938775
C,0.7851874305345053,0.7483561914513097,Out of Stock,0.8571428571428571
Unknown,0.5898757199151258,0.9631526566951701,Out of Stock,0.14285714285714285
Unknown,0.21289279579670609,0.31203177402031024,In Stock,0.061224489795918366
Unknown,0.3080731534808528,0.24794113089498715,In Stock,0.16326530612244897
A,0.6879862584621602,0.33462264069039604,Out of Stock,0.22448979591836732
Unknown,0.03394968172173386,0.5207552497147244,In Stock,0.42857142857142855
Unknown,0.4945438011518642,0.5207552497147244,In Stock,0.3877551020408163
Unknown,0.26866727291098313,0.31507063303907046,In Stock,0.2857142857142857
Unknown,0.632413862786703,0.7397605493048968,In Stock,0.1020408163265306
C,0.13569768616752553,0.5207552497147244,In Stock,0.7755102040816326
Unknown,0.4604425583510155,0.6986864022895178,In Stock,0.3061224489795918
Unknown,0.9150247549762554,0.5207552497147244,In Stock,0.5102040816326531
C,0.9299787814489239,0.7832696477727247,In Stock,0.36734693877551017
Unknown,0.27331514600383955,0.5545507822542082,Out of Stock,0.7959183673469387
A,0.12074365969485702,0.5207552497147244,In Stock,0.7346938775510203
Unknown,0.4794382136000808,0.5207552497147244,In Stock,0.836734693877551
D,0.8237849853490956,0.7972644083933574,In Stock,0.7346938775510203
D,0.7873092856421138,0.08472611043784511,In Stock,0.5102040816326531
Unknown,0.8191371122562392,0.2320338400823993,Out of Stock,0.3877551020408163
Unknown,0.7237546731332727,0.10498491197125931,In Stock,0.7551020408163265
B,0.4878245933111044,0.5806116614756225,Out of Stock,0.18367346938775508
Unknown,0.4945438011518642,0.4671278616604301,Out of Stock,0.32653061224489793
D,0.494796402950389,0.5207552497147244,Out of Stock,0.8163265306122448
Unknown,0.4945438011518642,0.8974905665955107,Out of Stock,0.5102040816326531
Unknown,0.28564211377185006,0.43618946943681114,Out of Stock,0.9387755102040816
D,0.4473072648277256,0.5207552497147244,In Stock,0.08163265306122448
Unknown,0.34424573102960493,0.5207552497147244,In Stock,0.2040816326530612
Unknown,0.9089623118116601,0.2594383496022422,Out of Stock,0.12244897959183673
Unknown,0.14802465393553604,0.5207552497147244,In Stock,0.7551020408163265
Unknown,0.08325755279377589,0.5207552497147244,Out of Stock,0.42857142857142855
Unknown,0.7513387895321815,0.38264631735974797,In Stock,0.5918367346938775
D,0.2723047388097403,0.48890456691403206,In Stock,0.5306122448979591
Unknown,0.3708194402344145,0.5207552497147244,In Stock,0.8979591836734693
Unknown,0.6264524603415176,0.22080695123542166,In Stock,0.12244897959183673
Unknown,0.8075174295240982,0.09447908132146288,Out of Stock,0.6122448979591836
C,0.9872688693543498,0.5207552497147244,In Stock,0.3877551020408163
C,0.9006769728200464,0.683255567645974,In Stock,0.5306122448979591
B,0.3555622916035162,0.5675892062613314,In Stock,0.32653061224489793
C,0.8615742144084065,0.5207552497147244,Out of Stock,0.9183673469387754
A,0.7461857128422754,0.5207552497147244,Out of Stock,0.8775510204081632
Unknown,0.0783065575426897,0.7402505238396442,In Stock,0.44897959183673464
Unknown,0.7028392442154188,0.38024139219179687,Out of Stock,0.9591836734693877
A,0.5004546832373447,0.44576562932848807,In Stock,0.14285714285714285
A,0.11609578660200061,0.5207552497147244,In Stock,0.8163265306122448
D,0.12044053753662727,0.5207552497147244,In Stock,0.5102040816326531
Unknown,0.392240072749318,0.7674308729019689,Out of Stock,0.5102040816326531
Unknown,0.279175507729615,0.6393107254259248,In Stock,0.8775510204081632
Unknown,0.729817116297868,0.8009786634206387,In Stock,0.44897959183673464
C,0.41628776396887945,0.5207552497147244,In Stock,0.4693877551020408
Unknown,0.23926442356269578,0.00925284673556026,In Stock,0.836734693877551
Unknown,0.1561079114883298,0.8214868654489892,In Stock,0.5510204081632653
C,0.42932201677275944,0.7840993138518256,Out of Stock,0.1020408163265306
Unknown,0.9346266545417803,0.5207552497147244,Out of Stock,0.6326530612244897
D,0.93503081741942,0.5836531848122605,In Stock,0.3469387755102041
Unknown,0.06203900171769223,0.8926628479664903,In Stock,0.3469387755102041
B,0.5464282105688593,0.6959224591359379,Out of Stock,0.3469387755102041
C,0.31332727089016876,0.5207552497147244,In Stock,0.0
Unknown,0.3387895321814691,0.8512942067265531,In Stock,0.7755102040816326
Unknown,0.3348489441244822,0.682252260071377,Out of Stock,0.2040816326530612
Unknown,0.14711528746084673,0.5207552497147244,In Stock,0.5714285714285714
D,0.007578053955744164,0.5207552497147244,In Stock,0.6326530612244897
B,0.8478326765686571,0.6998838110229884,Out of Stock,0.061224489795918366
Unknown,0.6672729109831261,0.6379908448769868,In Stock,0.22448979591836732
Unknown,0.0728503586945539,0.577330378526594,In Stock,0.5102040816326531
D,0.9751439830251591,0.2398271615880857,Out of Stock,0.16326530612244897
Unknown,0.7611397393149438,0.5207552497147244,In Stock,0.24489795918367346
A,0.3356572698797616,0.9230978102853874,Out of Stock,0.5102040816326531
Unknown,0.8203496008891583,0.9436427765043475,In Stock,0.7346938775510203
Unknown,0.5085379407901384,0.5207552497147244,In Stock,0.7142857142857142
A,0.9265433969889866,0.36500975188624973,In Stock,0.7551020408163265
Unknown,0.8390421339799939,0.07281011635104523,Out of Stock,0.22448979591836732
C,0.6320096999090633,0.2828529847053588,In Stock,0.1020408163265306
B,0.35606749520056585,0.5207552497147244,Out of Stock,0.0
A,0.9511973325250075,0.5207552497147244,In Stock,0.5102040816326531
Unknown,0.1418611700515308,0.5207552497147244,In Stock,0.6938775510204082
C,0.7581085177326462,0.5089870021194413,In Stock,0.16326530612244897
Unknown,0.6574719612003637,0.5207552497147244,In Stock,0.5102040816326531
B,0.8555117712438112,0.825620595762743,In Stock,0.8571428571428571
Unknown,0.374052743255532,0.2819744873464446,In Stock,0.42857142857142855
C,0.1541881378195413,0.5207552497147244,In Stock,0.0
Unknown,0.8302515913913306,0.26657654230655947,In Stock,0.5102040816326531
B,0.5511771243811255,0.47964249014008675,Out of Stock,0.2857142857142857
B,0.8709710013135293,0.5980866261286089,In Stock,0.5306122448979591
Unknown,0.2566434273012024,0.6715674212660678,Out of Stock,0.9999999999999999
Unknown,0.0819440234414469,0.08316353022430595,In Stock,0.3061224489795918
Unknown,0.30322319894917654,0.46004519096824226,In Stock,0.4081632653061224
C,0.8674345761341821,0.4024214284922115,In Stock,0.3877551020408163
Unknown,0.5655249065373346,0.5487864614020294,Out of Stock,0.5102040816326531
C,0.9683742548246943,0.9288782984514908,In Stock,0.5510204081632653
Unknown,0.14701424674143682,0.15897654091816038,In Stock,0.4693877551020408
Unknown,0.5187430534505405,0.3226749652020694,In Stock,0.2040816326530612
Unknown,0.8584419521066989,0.5207552497147244,In Stock,0.9591836734693877
D,0.759725169243205,0.5207552497147244,Out of Stock,0.6122448979591836
Unknown,0.3059512983732444,0.5193512092223936,In Stock,0.32653061224489793
Unknown,0.30150550671920784,0.5207552497147244,Out of Stock,0.04081632653061224
C,0.09588764272001617,0.4963050958729617,In Stock,0.2040816326530612
Unknown,0.5845205617863999,0.28935729476710625,In Stock,0.9795918367346939
Unknown,0.12306759624128523,0.3398194606538101,In Stock,0.24489795918367346
Unknown,0.7420430433464685,0.1326350375875638,Out of Stock,0.6326530612244897
Unknown,0.04071940992219865,0.5207552497147244,Out of Stock,0.6122448979591836
Unknown,0.528645043952713,0.5207552497147244,Out of Stock,0.2857142857142857
Unknown,0.33212084470041425,0.23553365111164903,Out of Stock,0.04081632653061224
Unknown,0.5903809235121754,0.6390607525843975,Out of Stock,0.4693877551020408
Unknown,0.10508234818631908,0.3150960205012623,Out of Stock,0.32653061224489793
Unknown,0.407800343538446,0.6150135028366261,In Stock,0.5102040816326531
Unknown,0.34596342325957363,0.29566493876660893,Out of Stock,0.36734693877551017
Unknown,0.25280387996362536,0.5207552497147244,Out of Stock,0.5102040816326531
Unknown,0.9497827624532686,0.764987521060203,In Stock,0.08163265306122448
Unknown,0.34758007477013236,0.3177498915672309,Out of Stock,0.7346938775510203
Unknown,0.8977467919571587,0.8957246223336882,Out of Stock,0.6530612244897959
Unknown,0.4945438011518642,0.7489636035944514,In Stock,0.2040816326530612
A,0.9933313125189451,0.5207552497147244,In Stock,0.3061224489795918
Unknown,0.9886834394260887,0.18035938856581946,In Stock,0.24489795918367346
Unknown,0.6963726381731837,0.7056680147342377,Out of Stock,0.22448979591836732
Unknown,0.7451753056481761,0.65795720765378,In Stock,0.5102040816326531
Unknown,0.9190663837526523,0.8743339948889927,Out of Stock,0.8163265306122448
A,0.30544609477619483,0.5207552497147244,In Stock,0.36734693877551017
Unknown,0.4009295746185713,0.5207552497147244,In Stock,0.9387755102040816
Unknown,0.21097302212791758,0.5207552497147244,In Stock,0.2040816326530612
Unknown,0.7525512781651005,0.5207552497147244,In Stock,0.5102040816326531
Unknown,0.19409922198646057,0.9766032635180547,In Stock,0.6326530612244897
Unknown,0.13266646458522785,0.3455667026522343,Out of Stock,0.8571428571428571
B,0.8428816813175709,0.4436657701114731,In Stock,0.836734693877551
Unknown,0.613014044659998,0.4261610108688354,Out of Stock,0.7755102040816326
Unknown,0.34737799333131253,0.5207552497147244,Out of Stock,0.3061224489795918
Unknown,0.8296453470748711,0.4298565926154063,In Stock,0.32653061224489793
Unknown,0.26199858542992827,0.6948678934681543,Out of Stock,0.1020408163265306
C,0.9808022633121147,0.2860273461018126,In Stock,0.16326530612244897
Unknown,0.7016267555824998,0.1785415811342833,In Stock,0.1020408163265306
Unknown,0.6196827321410528,0.2758119945487616,Out of Stock,0.5102040816326531
Unknown,0.7509346266545417,0.8541340072839069,In Stock,0.5102040816326531
Unknown,0.4945438011518642,0.0006846087093422271,Out of Stock,0.42857142857142855
Unknown,0.4810548651106396,0.5207552497147244,Out of Stock,0.5102040816326531
A,0.5222794786298878,0.5207552497147244,In Stock,0.9183673469387754
Unknown,0.08537940790138425,0.5207552497147244,In Stock,0.1020408163265306
Unknown,0.5904819642315853,0.6654443957415176,Out of Stock,0.5102040816326531
Unknown,0.9250277861978377,0.5207552497147244,In Stock,0.5102040816326531
Unknown,0.4945438011518642,0.8891153330677523,In Stock,0.7142857142857142
Unknown,0.745377387086996,0.5207552497147244,Out of Stock,0.3061224489795918
Unknown,0.6166515105587551,0.6614181640414769,In Stock,0.5918367346938775
A,0.15964433666767708,0.5207552497147244,In Stock,0.9183673469387754
Unknown,0.08244922703849651,0.17902415638440522,Out of Stock,0.6938775510204082
Unknown,0.2789734262907952,0.3271842613531949,In Stock,0.8979591836734693
Unknown,0.9689804991411538,0.5207552497147244,In Stock,0.5306122448979591
Unknown,0.4865110639587754,0.5207552497147244,Out of Stock,0.42857142857142855
Unknown,0.8522784682226937,0.4891800119022204,In Stock,0.2040816326530612
D,0.5094473072648277,0.7485853828122828,Out of Stock,0.5510204081632653
Unknown,0.27321410528442963,0.018580758826184485,Out of Stock,0.6122448979591836
Unknown,0.9581691421642922,0.9313936228432195,In Stock,0.4897959183673469
Unknown,0.046680812367384056,0.5207552497147244,In Stock,0.9999999999999999
Unknown,0.09437203192886733,0.09778695142455857,In Stock,0.7959183673469387
Unknown,0.7240577952915024,0.784758457539798,In Stock,0.7142857142857142
Unknown,0.20410225320804284,0.01747461875095846,In Stock,0.5102040816326531
C,0.21814691320602203,0.03846727669234207,Out of Stock,0.22448979591836732
B,0.06264524603415175,0.5207552497147244,In Stock,0.3877551020408163
Unknown,0.09295746185712842,0.5207552497147244,In Stock,0.02040816326530612
Unknown,0.5188440941699505,0.9641888123612902,In Stock,0.9999999999999999
Unknown,0.34828735980600184,0.5549635344482647,In Stock,0.02040816326530612
Unknown,0.9106800040416287,0.0013379716469453795,In Stock,0.5102040816326531
C,0.6642416894008285,0.636519936042257,In Stock,0.5102040816326531
Unknown,0.6494897443669798,0.5207552497147244,In Stock,0.5306122448979591
Unknown,0.4945438011518642,0.25718547367890854,In Stock,0.7551020408163265
Unknown,0.640193998181267,0.1517801910226621,In Stock,0.7959183673469387
Unknown,0.3404061836920279,0.2919337315775793,Out of Stock,0.1020408163265306
A,0.31615641103364656,0.4121890033019904,Out of Stock,0.16326530612244897
Unknown,0.5629988885520865,0.5207552497147244,In Stock,0.5102040816326531
C,0.11700515307668989,0.6575298973301964,Out of Stock,0.8775510204081632
Unknown,0.014852985753258564,0.522845120197748,In Stock,0.5306122448979591
Unknown,0.8151965241992523,0.7574178652895373,Out of Stock,0.7142857142857142
Unknown,0.3364655956350409,0.09816201114194062,In Stock,0.9183673469387754
A,0.2645246034151763,0.5172768284087759,In Stock,0.4693877551020408
Unknown,0.8914822673537435,0.0016625879496486862,Out of Stock,0.4081632653061224
C,0.11599474588259069,0.4515457112698539,Out of Stock,0.4081632653061224
Unknown,0.1819743356572699,0.5207552497147244,Out of Stock,0.9387755102040816
D,0.7110235424876225,0.5207552497147244,In Stock,0.8775510204081632
C,0.8582398706678791,0.8938034467146457,Out of Stock,0.7142857142857142
C,0.6529251288269172,0.337705495760099,In Stock,0.9999999999999999
Unknown,0.28321713650601194,0.5207552497147244,Out of Stock,0.5510204081632653
B,0.6344346771749014,0.7933591235322409,Out of Stock,0.6326530612244897
Unknown,0.42891785389511977,0.5207552497147244,Out of Stock,0.836734693877551
Unknown,0.019096695968475297,0.7407663421644503,In Stock,0.7959183673469387
Unknown,0.046478730928564214,0.1610379572385373,In Stock,0.061224489795918366
Unknown,0.051732848337880166,0.5207552497147244,Out of Stock,0.26530612244897955
B,0.4945438011518642,0.5207552497147244,In Stock,0.5102040816326531
Unknown,0.9614024451854097,0.5207552497147244,Out of Stock,0.5102040816326531
D,0.5293523289885823,0.5207552497147244,In Stock,0.5102040816326531
Unknown,0.29251288269172476,0.4854816047132008,Out of Stock,0.5102040816326531
Unknown,0.1579266444377084,0.9655768562484749,In Stock,0.6938775510204082
Unknown,0.2500757805395575,0.5207552497147244,Out of Stock,0.9999999999999999
A,0.5735071233707184,0.5207552497147244,In Stock,0.4081632653061224
Unknown,0.9694857027382034,0.6654534104680866,In Stock,0.8163265306122448
Unknown,0.4945438011518642,0.4424012660633868,Out of Stock,0.9183673469387754
Unknown,0.13933515206628272,0.04988434622176896,In Stock,0.5306122448979591
Unknown,0.4817621501465091,0.5207552497147244,Out of Stock,0.04081632653061224
Unknown,0.7057694250783065,0.8218848506325437,In Stock,0.7142857142857142
C,0.358492472466404,0.5207552497147244,In Stock,0.7551020408163265
Unknown,0.2952409821157927,0.5207552497147244,In Stock,0.32653061224489793
Unknown,0.02283520258664242,0.5207552497147244,Out of Stock,0.836734693877551
Unknown,0.14509447307264828,0.5207552497147244,In Stock,0.836734693877551
A,0.5677478023643527,0.6449968676237144,In Stock,0.8163265306122448
Unknown,0.9323027179953521,0.5207552497147244,In Stock,0.9795918367346939
Unknown,0.3502071334747904,0.7777719439661966,Out of Stock,0.22448979591836732
Unknown,0.7224411437809437,0.5207552497147244,Out of Stock,0.7346938775510203
C,0.9110841669192684,0.3973989047516182,In Stock,0.2040816326530612
D,0.8062039001717692,0.6619637070966364,In Stock,0.24489795918367346
Unknown,0.4945438011518642,0.6756085911914093,In Stock,0.6122448979591836
Unknown,0.028190360715368297,0.5207552497147244,Out of Stock,0.42857142857142855
Unknown,0.11589370516318075,0.3900977707819866,In Stock,0.9999999999999999
B,0.6410023239365464,0.635761051217997,Out of Stock,0.5102040816326531
C,0.8696574719612004,0.5207552497147244,In Stock,0.3877551020408163
Unknown,0.5493583914317469,0.2024388214646866,Out of Stock,0.3469387755102041
C,0.7260786096797008,0.2613085653169144,In Stock,0.3061224489795918
D,0.6745478427806405,0.5207552497147244,In Stock,0.836734693877551
Unknown,0.7651813680913407,0.5207552497147244,Out of Stock,0.02040816326530612
Unknown,0.9229059310902293,0.5207552497147244,Out of Stock,0.3061224489795918
Unknown,0.2630089926240275,0.8823302738442945,In Stock,0.14285714285714285
D,0.4187127412347176,0.5207552497147244,Out of Stock,0.6938775510204082
Unknown,0.2148125694654946,0.5477213983800385,In Stock,0.4693877551020408
Unknown,0.7287056683843589,0.9056476283507539,In Stock,0.6122448979591836
D,0.8724866121046781,0.7742443744850439,In Stock,0.836734693877551
Unknown,0.34697383045367286,0.5207552497147244,In Stock,0.26530612244897955
Unknown,0.5223805193492977,0.5207552497147244,In Stock,0.5102040816326531
Unknown,0.5063150449631201,0.5207552497147244,Out of Stock,0.3469387755102041
Unknown,0.2660402142063252,0.480422611223018,In Stock,0.5306122448979591
Unknown,0.23542487622511873,0.5207552497147244,Out of Stock,0.32653061224489793
Unknown,0.4945438011518642,0.15843680214428718,In Stock,0.9387755102040816
Unknown,0.5692634131555017,0.5207552497147244,In Stock,0.2857142857142857
Unknown,0.3171668182277458,0.9653557253095703,In Stock,0.14285714285714285
D,0.03354551884409417,0.5207552497147244,Out of Stock,0.12244897959183673
B,0.9713044356875821,0.8895492830753421,In Stock,0.02040816326530612
Unknown,0.25906840456704056,0.49564848796542305,In Stock,0.5714285714285714
C,0.3145397595230878,0.34420586327040237,In Stock,0.5102040816326531
C,0.06405981610589066,0.5207552497147244,In Stock,0.24489795918367346
Unknown,0.4595331918763262,0.04256648596634294,Out of Stock,0.22448979591836732
C,0.43346468626856627,0.4324517208731379,In Stock,0.26530612244897955
Unknown,0.04375063150449632,0.5207552497147244,In Stock,0.18367346938775508
Unknown,0.06072547236536325,0.08232374263237341,Out of Stock,0.08163265306122448
Unknown,0.052339092654339704,0.5207552497147244,Out of Stock,0.673469387755102
D,0.42315853288875416,0.5207552497147244,In Stock,0.26530612244897955
A,0.8152975649186622,0.2648472045973209,Out of Stock,0.2857142857142857
Unknown,0.12155198545013639,0.5207552497147244,In Stock,0.7755102040816326
Unknown,0.09861574214408406,0.9268507071599964,In Stock,0.4693877551020408
Unknown,0.6247347681115489,0.4021463977234885,In Stock,0.5510204081632653
Unknown,0.6516115994745882,0.8120732663264957,In Stock,0.1020408163265306
C,0.9562493684955037,0.5207552497147244,Out of Stock,0.02040816326530612
C,0.4945438011518642,0.5207552497147244,Out of Stock,0.5102040816326531
Unknown,0.9437203192886733,0.422859610729853,In Stock,0.7959183673469387
A,0.1433767808426796,0.5207552497147244,In Stock,0.5918367346938775
Unknown,0.16186723249469537,0.46360251242799644,In Stock,0.12244897959183673
Unknown,0.005658280286955643,0.5207552497147244,Out of Stock,0.24489795918367346
Unknown,0.013034252803879964,0.111079297371932,In Stock,0.7755102040816326
D,0.8021622713953723,0.8131080697859553,In Stock,0.1020408163265306
A,0.03213094877235526,0.4161350849271951,In Stock,0.02040816326530612
C,0.7621501465090431,0.5207552497147244,In Stock,0.5102040816326531
D,0.5249065373345457,0.7337952066545007,In Stock,0.1020408163265306
Unknown,0.4581186218045873,0.5207552497147244,In Stock,0.16326530612244897
C,0.7314337678084267,0.5207552497147244,In Stock,0.42857142857142855
B,0.1888451045771446,0.5207552497147244,In Stock,0.02040816326530612
Unknown,0.4893402041022532,0.30921814206388853,Out of Stock,0.14285714285714285
B,0.3344447812468425,0.5207552497147244,Out of Stock,0.4897959183673469
B,0.2867535616853592,0.45250848082258344,In Stock,0.9591836734693877
Unknown,0.4945438011518642,0.8842945249871313,In Stock,0.6326530612244897
Unknown,0.3211074062847328,0.5207552497147244,Out of Stock,0.5918367346938775
Unknown,0.031019500858846118,0.5207552497147244,Out of Stock,0.32653061224489793
B,0.8677376982924118,0.5207552497147244,Out of Stock,0.02040816326530612
Unknown,0.9280590077801354,0.9245606513593844,In Stock,0.04081632653061224
Unknown,0.35243002930180867,0.7752381382209436,Out of Stock,0.5102040816326531
D,0.7620491057896331,0.5207552497147244,Out of Stock,0.5102040816326531
Unknown,0.23502071334747904,0.5207552497147244,Out of Stock,0.9591836734693877
A,0.5262200666868748,0.6626247241581327,Out of Stock,0.02040816326530612
Unknown,0.26240274830756793,0.8355851914902171,Out of Stock,0.8163265306122448
Unknown,0.327270890168738,0.9608373021403617,In Stock,0.8979591836734693
Unknown,0.7144589269475599,0.23477893031672797,In Stock,0.26530612244897955
B,0.7265838132767505,0.23958632656322093,In Stock,0.5918367346938775
Unknown,0.39426088713751645,0.5207552497147244,Out of Stock,0.6326530612244897
Unknown,0.6688895624936849,0.3549711790224477,In Stock,0.16326530612244897
Unknown,0.12387592199656462,0.4775527739031915,In Stock,0.5510204081632653
B,0.8569263413155501,0.5207552497147244,In Stock,0.6326530612244897
B,0.4404364959078509,0.5207552497147244,In Stock,0.7959183673469387
D,0.48358088309588765,0.5207552497147244,In Stock,0.04081632653061224
Unknown,0.9368495503687986,0.5009416368021697,In Stock,0.5714285714285714
Unknown,0.8322724057795291,0.7299498373293668,In Stock,0.836734693877551
Unknown,0.7616449429119935,0.5207552497147244,In Stock,0.0
Unknown,0.16146306961705567,0.09587290893252881,In Stock,0.26530612244897955
Unknown,0.05840153581893503,0.5207552497147244,In Stock,0.36734693877551017
Unknown,0.24643831464080024,0.6583791077205424,In Stock,0.7551020408163265
Unknown,0.628473274729716,0.5207552497147244,Out of Stock,0.5102040816326531
B,0.6892997878144892,0.7676312793916479,In Stock,0.5102040816326531
B,0.10114176012933211,0.5207552497147244,In Stock,0.9591836734693877
C,0.9683742548246943,0.2000293964677305,Out of Stock,0.3877551020408163
Unknown,0.8656158431848034,0.9109652756016652,Out of Stock,0.24489795918367346
Unknown,0.4036576740426392,0.5207552497147244,Out of Stock,0.6938775510204082
Unknown,0.8264120440537536,0.5207552497147244,In Stock,0.24489795918367346
Unknown,0.1748004445791654,0.5207552497147244,In Stock,0.5714285714285714
B,0.3676871779327069,0.5207552497147244,In Stock,0.9591836734693877
Unknown,0.7024350813377791,0.5207552497147244,Out of Stock,0.9999999999999999
Unknown,0.6318076184702435,0.4413549689106544,Out of Stock,0.0
A,0.1423663736485804,0.4921140742453227,Out of Stock,0.14285714285714285
Unknown,0.14580175810851775,0.2854835261597639,In Stock,0.5918367346938775
D,0.07335556229160352,0.2884583583780609,Out of Stock,0.16326530612244897
D,0.6447408305547135,0.5207552497147244,In Stock,0.673469387755102
Unknown,0.3639486713145398,0.48435562304143476,In Stock,0.02040816326530612
B,0.358492472466404,0.11380632069999586,In Stock,0.6938775510204082
Unknown,0.6317065777508335,0.46834409261083465,In Stock,0.9387755102040816
Unknown,0.3022127917550773,0.025906900935362687,In Stock,0.8571428571428571
D,0.85712842275437,0.5207552497147244,In Stock,0.8775510204081632
C,0.983126199858543,0.9923133416443829,Out of Stock,0.04081632653061224
A,0.3661715671415581,0.5207552497147244,In Stock,0.5306122448979591
Unknown,0.700010104071941,0.5207552497147244,Out of Stock,0.3877551020408163
Unknown,0.5725977568960291,0.5207552497147244,Out of Stock,0.36734693877551017
Unknown,0.28099424067899365,0.4390362169590548,Out of Stock,0.7142857142857142
Unknown,0.3671819743356573,0.0067631227267361815,In Stock,0.5306122448979591
Unknown,0.7679094675154087,0.0398707469428663,Out of Stock,0.42857142857142855
Unknown,0.43801151864201276,0.5207552497147244,In Stock,0.16326530612244897
C,0.6956653531373143,0.5207552497147244,In Stock,0.5102040816326531
Unknown,0.7624532686672729,0.5207552497147244,In Stock,0.9183673469387754
Unknown,0.15843184803475802,0.5207552497147244,In Stock,0.26530612244897955
B,0.5287460846721228,0.5207552497147244,Out of Stock,0.24489795918367346
A,0.607759927250682,0.5207552497147244,In Stock,0.5306122448979591
B,0.16095786602000609,0.5345532617658456,In Stock,0.14285714285714285
B,0.4715570374861069,0.5500730350412314,In Stock,0.836734693877551
Unknown,0.8308578357077901,0.6878455056246546,In Stock,0.12244897959183673
Unknown,0.1719713044356876,0.5207552497147244,In Stock,0.14285714285714285
Unknown,0.9951500454683238,0.5207552497147244,In Stock,0.5306122448979591
Unknown,0.47751843993129234,0.5207552497147244,In Stock,0.44897959183673464
Unknown,0.16126098817823584,0.5225221545122012,In Stock,0.22448979591836732
C,0.24946953622309792,0.06057695517727041,In Stock,0.44897959183673464
Unknown,0.3626351419622108,0.9503880240239494,In Stock,0.7551020408163265
Unknown,0.4945438011518642,0.5207552497147244,Out of Stock,0.4693877551020408
D,0.6936445387491158,0.48258564634518497,In Stock,0.7959183673469387
Unknown,0.9140143477821562,0.5207552497147244,In Stock,0.9387755102040816
A,0.36364554915631003,0.5207552497147244,In Stock,0.24489795918367346
Unknown,0.6835404668081236,0.5207552497147244,In Stock,0.061224489795918366
C,0.25341012428008486,0.4479949395884111,In Stock,0.2040816326530612
Unknown,0.7582095584520562,0.6638882772947833,In Stock,0.5102040816326531
Unknown,0.30645650197029406,0.8990935152136376,In Stock,0.5714285714285714
D,0.5552187531575224,0.5292795137433131,In Stock,0.5510204081632653
Unknown,0.17550772961503486,0.8191695297893301,Out of Stock,0.32653061224489793
D,0.4709507931696474,0.7435682538273726,In Stock,0.8571428571428571
Unknown,0.4159846418106497,0.5207552497147244,In Stock,0.7551020408163265
Unknown,0.5563302010710316,0.7898360096131881,Out of Stock,0.12244897959183673
B,0.5146003839547337,0.6726688482950628,In Stock,0.061224489795918366
C,0.24633727392139032,0.5207552497147244,In Stock,0.8163265306122448
Unknown,0.6682833181772254,0.19763412510829398,In Stock,0.14285714285714285
B,0.36576740426391835,0.5207552497147244,Out of Stock,0.7551020408163265
Unknown,0.8669293725371324,0.04759785972114394,In Stock,0.9591836734693877
C,0.257148630898252,0.5207552497147244,In Stock,0.5102040816326531
A,0.40436495907850867,0.5207552497147244,Out of Stock,0.7959183673469387
C,0.692128927957967,0.8782324089703716,In Stock,0.08163265306122448
Unknown,0.9928261089218955,0.5207552497147244,In Stock,0.9999999999999999
Unknown,0.5668384358896635,0.43699807405553515,Out of Stock,0.9183673469387754
Unknown,0.015055067192078409,0.008202751864413549,Out of Stock,0.8979591836734693
Unknown,0.354551884409417,0.22898702564045947,In Stock,0.7346938775510203
Unknown,0.3226230170758816,0.1343472144580798,In Stock,0.22448979591836732
Unknown,0.07951904617560876,0.5207552497147244,Out of Stock,0.9183673469387754
C,0.1889461452965545,0.31192213063546903,In Stock,0.2040816326530612
Unknown,0.5382439122966555,0.9901233332883873,In Stock,0.04081632653061224
Unknown,0.4357886228149945,0.11157809066316982,Out of Stock,0.9183673469387754
Unknown,0.6857633626351419,0.5207552497147244,In Stock,0.26530612244897955
Unknown,0.4945438011518642,0.5207552497147244,Out of Stock,0.32653061224489793
D,0.24300293018086289,0.5207552497147244,Out of Stock,0.9183673469387754
Unknown,0.8935030817419419,0.9180339439643,Out of Stock,0.22448979591836732
Unknown,0.6497928665252096,0.09805185357810453,In Stock,0.6530612244897959
Unknown,0.425987673032232,0.28283116442087786,Out of Stock,0.5102040816326531
Unknown,0.20925532989794887,0.5207552497147244,Out of Stock,0.4897959183673469
Unknown,0.29241184197231485,0.5996344537129024,In Stock,0.9999999999999999
D,0.0423360614327574,0.027311171170512183,Out of Stock,0.6122448979591836
C,0.4098211579266445,0.5642707312338686,In Stock,0.14285714285714285
Unknown,0.7287056683843589,0.5207552497147244,In Stock,0.836734693877551
Unknown,0.3362635141962211,0.5207552497147244,Out of Stock,0.5510204081632653
Unknown,0.4945438011518642,0.3213221526008697,In Stock,0.5714285714285714
Unknown,0.5510760836617157,0.5207552497147244,In Stock,0.02040816326530612
C,0.7399211882388602,0.331699944707602,In Stock,0.44897959183673464
Unknown,0.6655552187531575,0.0038004420387832694,In Stock,0.4081632653061224
Unknown,0.5082348186319087,0.5207552497147244,Out of Stock,0.8775510204081632
Unknown,0.5428917853895119,0.5207552497147244,Out of Stock,0.26530612244897955
Unknown,0.4945438011518642,0.5207552497147244,Out of Stock,0.12244897959183673
D,0.8256037182984742,0.7885655168116966,In Stock,0.14285714285714285
Unknown,0.5519854501364049,0.5207552497147244,In Stock,0.9591836734693877
B,0.40103061533798123,0.8008323412379158,In Stock,0.6530612244897959
Unknown,0.21895523896130142,0.5207552497147244,In Stock,0.6326530612244897
Unknown,0.7647772052137011,0.26576260690351483,In Stock,0.5102040816326531
B,0.3405072244114378,0.5207552497147244,Out of Stock,0.836734693877551
Unknown,0.3362635141962211,0.5207552497147244,In Stock,0.5510204081632653
Unknown,0.3603112054157826,0.5207552497147244,In Stock,0.4081632653061224
Unknown,0.4945438011518642,0.5207552497147244,In Stock,0.22448979591836732
Unknown,0.8444983328281297,0.5207552497147244,In Stock,0.36734693877551017
Unknown,0.01960189956552491,0.5207552497147244,In Stock,0.22448979591836732
Unknown,0.3074669091643933,0.21212042110527707,In Stock,0.3061224489795918
A,0.3478831969283621,0.5207552497147244,In Stock,0.36734693877551017
Unknown,0.362332019803981,0.5207552497147244,In Stock,0.14285714285714285
A,0.7215317773062544,0.5207552497147244,Out of Stock,0.14285714285714285
A,0.5074264928766292,0.028521310902546948,In Stock,0.5102040816326531
Unknown,0.48721834899464483,0.9767100831708307,Out of Stock,0.26530612244897955
Unknown,0.9149237142568455,0.5207552497147244,In Stock,0.9999999999999999
Unknown,0.10437506315044963,0.5207552497147244,In Stock,0.8571428571428571
Unknown,0.42083459634232595,0.5207552497147244,In Stock,0.3877551020408163
D,0.5928059007780135,0.5207552497147244,Out of Stock,0.3469387755102041
D,0.6122057189047185,0.5207552497147244,In Stock,0.7959183673469387
Unknown,0.7852884712539153,0.5020591424857804,Out of Stock,0.6938775510204082
Unknown,0.021723754673133276,0.5207552497147244,Out of Stock,0.5510204081632653
Unknown,0.14701424674143682,0.7155571880516004,In Stock,0.3061224489795918
Unknown,0.04738809740325351,0.5077677814756512,In Stock,0.7551020408163265
Unknown,0.8265130847731635,0.9634367723456133,Out of Stock,0.04081632653061224
Unknown,0.4945438011518642,0.5207552497147244,In Stock,0.9795918367346939
Unknown,0.5170253612205719,0.5207552497147244,In Stock,0.3877551020408163
Unknown,0.2685662321915732,0.6768292845841485,Out of Stock,0.22448979591836732
Unknown,0.9496817217338587,0.5207552497147244,Out of Stock,0.3061224489795918
Unknown,0.7605334949984843,0.8534369666796163,In Stock,0.061224489795918366
Unknown,0.6836415075275336,0.7474252535602426,In Stock,0.4081632653061224
Unknown,0.8852177427503284,0.5207552497147244,In Stock,0.3061224489795918
C,0.33979993937556835,0.5207552497147244,Out of Stock,0.8163265306122448
A,0.6281701525714862,0.5207552497147244,Out of Stock,0.9591836734693877
Unknown,0.040012124886329194,0.8149192236311388,In Stock,0.7142857142857142
Unknown,0.33848641002323937,0.5379485029872191,In Stock,0.673469387755102
Unknown,0.17176922299686775,0.5207552497147244,Out of Stock,0.5102040816326531
Unknown,0.2994846923310094,0.5207552497147244,Out of Stock,0.6938775510204082
Unknown,0.20672931191270083,0.5207552497147244,In Stock,0.4693877551020408
D,0.4891381226634334,0.5207552497147244,In Stock,0.2857142857142857
Unknown,0.13367687177932708,0.5207552497147244,In Stock,0.5102040816326531
D,0.09912094574113367,0.5716855939028351,Out of Stock,0.5714285714285714
Unknown,0.029908052945336973,0.2821645012292987,Out of Stock,0.4081632653061224
C,0.48499545316762654,0.7418257227364574,Out of Stock,0.6326530612244897
Unknown,0.16499949479640297,0.6274859188114699,In Stock,0.4081632653061224
Unknown,0.7185005557239568,0.5207552497147244,In Stock,0.14285714285714285
Unknown,0.01838941093260584,0.5207552497147244,In Stock,0.14285714285714285
D,0.2579569566535314,0.5207552497147244,In Stock,0.6530612244897959
Unknown,0.9019905021723754,0.03869073750068369,In Stock,0.5102040816326531
Unknown,0.16045266242295647,0.94274651828776,In Stock,0.22448979591836732
B,0.37738708699605944,0.5207552497147244,Out of Stock,0.36734693877551017
Unknown,0.6177629584722643,0.22812623841575952,In Stock,0.7142857142857142
Unknown,0.6095786602000606,0.7921622181122637,Out of Stock,0.8163265306122448
Unknown,0.5277356774780236,0.29392734312542024,Out of Stock,0.22448979591836732
D,0.9565524906537334,0.5207552497147244,Out of Stock,0.6530612244897959
Unknown,0.6884914620592099,0.8334578422020923,In Stock,0.8571428571428571
Unknown,0.6962715974537739,0.5527090513159786,Out of Stock,0.8163265306122448
A,0.1541881378195413,0.5207552497147244,Out of Stock,0.22448979591836732
Unknown,0.787006163483884,0.3006724168000817,In Stock,0.9591836734693877
Unknown,0.4945438011518642,0.5207552497147244,Out of Stock,0.7346938775510203
B,0.977872082449227,0.5207552497147244,In Stock,0.3061224489795918
A,0.8308578357077901,0.5207552497147244,Out of Stock,0.6326530612244897
Unknown,0.249368495503688,0.5207552497147244,Out of Stock,0.32653061224489793
Unknown,0.0773971910680004,0.5207552497147244,Out of Stock,0.42857142857142855
Unknown,0.9296756592906941,0.5207552497147244,Out of Stock,0.26530612244897955
Unknown,0.40870971001313533,0.8358191934364784,In Stock,0.42857142857142855
C,0.07951904617560876,0.5207552497147244,In Stock,0.5306122448979591
D,0.047084975245023745,0.8709700336691061,In Stock,0.061224489795918366
C,0.13781954127513388,0.3836682278830684,In Stock,0.7551020408163265
Unknown,0.7081944023441447,0.5207552497147244,In Stock,0.5102040816326531
D,0.4945438011518642,0.9813804875416879,In Stock,0.8571428571428571
Unknown,0.897443669798929,0.2844848370138856,In Stock,0.44897959183673464
B,0.561079114883298,0.5207552497147244,In Stock,0.836734693877551
Unknown,0.4945438011518642,0.5207552497147244,In Stock,0.9183673469387754
B,0.8063049408911791,0.5207552497147244,In Stock,0.04081632653061224
Unknown,0.4945438011518642,0.5924452576543031,In Stock,0.18367346938775508
B,0.20561786399919169,0.5207552497147244,In Stock,0.5306122448979591
B,0.7708396483782964,0.8418313284455258,In Stock,0.6530612244897959
A,0.7514398302515913,0.6364596783491002,In Stock,0.5918367346938775
C,0.7313327270890169,0.5207552497147244,In Stock,0.5102040816326531
Unknown,0.4617560877033445,0.5832090170762015,In Stock,0.9999999999999999
A,0.7151662119834293,0.5207552497147244,In Stock,0.04081632653061224
B,0.4680206123067596,0.4333487955188845,Out of Stock,0.0
C,0.040214206325149035,0.5207552497147244,In Stock,0.8775510204081632
B,0.7229463473779932,0.5207552497147244,In Stock,0.3469387755102041
Unknown,0.38041830857835707,0.5207552497147244,In Stock,0.9999999999999999
Unknown,0.7868040820450641,0.9333824663454607,In Stock,0.6530612244897959
Unknown,0.09356370617358795,0.5207552497147244,In Stock,0.6938775510204082
D,0.6656562594725675,0.14738751970535052,In Stock,0.1020408163265306
Unknown,0.22804890370819442,0.8424512012515134,In Stock,0.22448979591836732
Unknown,0.8773365666363544,0.5207552497147244,In Stock,0.44897959183673464
B,0.5114681216530261,0.5207552497147244,In Stock,0.5510204081632653
Unknown,0.5995756289784783,0.5207552497147244,In Stock,0.4897959183673469
D,0.7118318682429019,0.5207552497147244,Out of Stock,0.32653061224489793
C,0.5663332322926139,0.229800123617876,In Stock,0.6122448979591836
D,0.8405577447711428,0.16288027142503625,In Stock,0.08163265306122448
Unknown,0.18409619076487826,0.5207552497147244,In Stock,0.4081632653061224
Unknown,0.2566434273012024,0.5207552497147244,Out of Stock,0.04081632653061224
Unknown,0.18055976558553097,0.5205338087958371,Out of Stock,0.836734693877551
Unknown,0.22491664140648682,0.11438525812202288,In Stock,0.5306122448979591
B,0.7777104172981711,0.16948098246015786,In Stock,0.42857142857142855
Unknown,0.38041830857835707,0.5207552497147244,In Stock,0.5306122448979591
Unknown,0.18571284227543702,0.04951331048789681,Out of Stock,0.08163265306122448
B,0.8265130847731635,0.2790101854610634,In Stock,0.5102040816326531
Unknown,0.8761240780034354,0.5207552497147244,In Stock,0.3061224489795918
C,0.6531272102657371,0.5207552497147244,In Stock,0.4081632653061224
Unknown,0.9340204102253208,0.6712191016182779,In Stock,0.7959183673469387
C,0.5919975750227341,0.5207552497147244,Out of Stock,0.061224489795918366
D,0.8922905931090229,0.5207552497147244,In Stock,0.3061224489795918
Unknown,0.43164595331918765,0.5207552497147244,Out of Stock,0.42857142857142855
Unknown,0.4945438011518642,0.5207552497147244,In Stock,0.4897959183673469
Unknown,0.4945438011518642,0.03898500438734709,In Stock,0.5306122448979591
Unknown,0.070122259270486,0.5207552497147244,In Stock,0.36734693877551017
Unknown,0.22228958270182886,0.5207552497147244,Out of Stock,0.2040816326530612
Unknown,0.6773769829241184,0.5207552497147244,In Stock,0.36734693877551017
D,0.08406587854905527,0.7971439790840759,In Stock,0.18367346938775508
Unknown,0.3754673133272709,0.9252259570555875,Out of Stock,0.42857142857142855
Unknown,0.6243306052339093,0.12441723649564074,In Stock,0.8775510204081632
A,0.8560169748408608,0.5207552497147244,Out of Stock,0.5102040816326531
Unknown,0.058805698696574725,0.33384016290778773,Out of Stock,0.5102040816326531
D,0.4245731029604931,0.898109548364603,In Stock,0.02040816326530612
A,0.9213903202990805,0.939357694669139,In Stock,0.3469387755102041
A,0.4945438011518642,0.5207552497147244,In Stock,0.0
D,0.36758613721329697,0.653299816931247,In Stock,0.32653061224489793
D,0.034151763160553704,0.0007680968408464439,Out of Stock,0.2040816326530612
Unknown,0.22734161867232497,0.8662596506372967,In Stock,0.7551020408163265
Unknown,0.14317469940385977,0.5207552497147244,In Stock,0.3061224489795918
A,0.0997271900575932,0.5207552497147244,In Stock,0.6530612244897959
C,0.8458118621804587,0.5207552497147244,Out of Stock,0.3877551020408163
Unknown,0.170152571486309,0.5207552497147244,Out of Stock,0.2857142857142857
Unknown,0.2921087198140851,0.5207552497147244,Out of Stock,0.8775510204081632
Unknown,0.6930382944326563,0.6317405982482424,In Stock,0.32653061224489793
Unknown,0.10760836617156713,0.37696873186375346,In Stock,0.9591836734693877
C,0.002424977265838133,0.5207552497147244,Out of Stock,0.4693877551020408
B,0.741537839749419,0.5207552497147244,In Stock,0.061224489795918366
D,0.21622713953723352,0.8666236305002936,Out of Stock,0.4897959183673469
A,0.620592098615742,0.5207552497147244,In Stock,0.836734693877551
Unknown,0.4420531474184096,0.76709220759365,In Stock,0.7551020408163265
Unknown,0.03758714762049106,0.5207552497147244,In Stock,0.061224489795918366
C,0.46064463978983533,0.2755888851773012,In Stock,0.3877551020408163
Unknown,0.37294129534202286,0.2639383031318133,In Stock,0.44897959183673464
C,0.5460240476912195,0.5207552497147244,Out of Stock,0.5918367346938775
Unknown,0.8421743962817015,0.5207552497147244,In Stock,0.9183673469387754
D,0.8686470647671011,0.7928052879445985,In Stock,0.6122448979591836
Unknown,0.008588461149843388,0.1871515502103766,Out of Stock,0.7346938775510203
D,0.28796605031827827,0.5207552497147244,In Stock,0.6938775510204082
C,0.5710821461048802,0.5207552497147244,In Stock,0.6122448979591836
C,0.615540062645246,0.08793443020438263,Out of Stock,0.9183673469387754
Unknown,0.9193695059108821,0.5207552497147244,In Stock,0.2857142857142857
Unknown,0.7024350813377791,0.5207552497147244,In Stock,0.2040816326530612
Unknown,0.24371021521673236,0.895225071685405,In Stock,0.04081632653061224
Unknown,0.4719612003637466,0.4468229329512353,In Stock,0.5510204081632653
Unknown,0.622006668687481,0.5207552497147244,Out of Stock,0.2040816326530612
Unknown,0.6998080226331211,0.5291292178855687,Out of Stock,0.6938775510204082
Unknown,0.4475093462665454,0.5207552497147244,In Stock,0.8571428571428571
C,0.10023239365464282,0.5207552497147244,In Stock,0.9795918367346939
D,0.3859755481459028,0.5207552497147244,Out of Stock,0.5102040816326531
Unknown,0.6911185207638678,0.5207552497147244,In Stock,0.5102040816326531
C,0.9729210871981409,0.29595363407336484,In Stock,0.24489795918367346
Unknown,0.4523593007982217,0.5207552497147244,In Stock,0.5102040816326531
A,0.09416995049004749,0.5207552497147244,In Stock,0.5102040816326531
Unknown,0.011720723451550974,0.5207552497147244,In Stock,0.5102040816326531
Unknown,0.7825603718298474,0.9149536622686044,Out of Stock,0.9387755102040816
D,0.4509447307264828,0.5207552497147244,Out of Stock,0.7346938775510203
Unknown,0.5781549964635748,0.786998808189929,Out of Stock,0.22448979591836732
A,0.4555926038193392,0.8430659001647353,In Stock,0.2040816326530612
Unknown,0.2384560978074164,0.4787219613173448,Out of Stock,0.2857142857142857
Unknown,0.6089724158836011,0.5936544032141716,Out of Stock,0.6326530612244897
A,0.9595837122360311,0.5207552497147244,In Stock,0.7346938775510203
Unknown,0.6531272102657371,0.8890627028973231,In Stock,0.4897959183673469
Unknown,0.5570374861069011,0.3574456348735805,In Stock,0.26530612244897955
D,0.8055976558553096,0.5207552497147244,In Stock,0.9795918367346939
Unknown,0.8958270182883702,0.7250695643635667,Out of Stock,0.14285714285714285
Unknown,0.9712033949681721,0.5207552497147244,Out of Stock,0.2040816326530612
Unknown,0.5899767606345356,0.5207552497147244,Out of Stock,0.7755102040816326
Unknown,0.37061735879559465,0.5207552497147244,Out of Stock,0.2040816326530612
Unknown,0.41618672324946954,0.616774660307678,In Stock,0.6530612244897959
Unknown,0.8067091037688188,0.5207552497147244,In Stock,0.3877551020408163
Unknown,0.5627968071132666,0.5207552497147244,In Stock,0.24489795918367346
Unknown,0.6443366676770739,0.4551589928044909,In Stock,0.6530612244897959
Unknown,0.47398201475194507,0.42647368935344965,In Stock,0.5714285714285714
B,0.9373547539658482,0.21638077424529523,In Stock,0.4693877551020408
Unknown,0.8197433565726988,0.3226803454398882,Out of Stock,0.26530612244897955
A,0.4945438011518642,0.5207552497147244,In Stock,0.4897959183673469
D,0.018187329493785993,0.5207552497147244,In Stock,0.4693877551020408
Unknown,0.47913509144185107,0.6960708123095427,Out of Stock,0.9999999999999999
B,0.5593614226533292,0.5207552497147244,In Stock,0.24489795918367346
C,0.8811761139739315,0.03364399012036806,Out of Stock,0.5102040816326531
C,0.46357482065272304,0.7293645833168761,In Stock,0.44897959183673464
Unknown,0.3408103465696676,0.9305452463041871,Out of Stock,0.12244897959183673
Unknown,0.45539052238051936,0.5207552497147244,In Stock,0.1020408163265306
C,0.9258361119531171,0.5207552497147244,In Stock,0.4693877551020408
C,0.5680509245225825,0.5207552497147244,Out of Stock,0.26530612244897955
Unknown,0.141558047893301,0.46756363136517587,Out of Stock,0.9999999999999999
Unknown,0.4058805698696575,0.5207552497147244,In Stock,0.3061224489795918
Unknown,0.4945438011518642,0.5207552497147244,Out of Stock,0.673469387755102
B,0.31464080024249774,0.5207552497147244,In Stock,0.5714285714285714
B,0.47458825906840457,0.5207552497147244,In Stock,0.836734693877551
Unknown,0.34909568556128123,0.5207552497147244,In Stock,0.8979591836734693
Unknown,0.34293220167727595,0.23241282425400567,In Stock,0.836734693877551
B,0.9568556128119632,0.5207552497147244,Out of Stock,0.5510204081632653
Unknown,0.29382641204405374,0.8359314452743211,Out of Stock,0.836734693877551
Unknown,0.10296049307871072,0.5207552497147244,Out of Stock,0.5510204081632653
D,0.590886127109225,0.8542791264570967,In Stock,0.36734693877551017
Unknown,0.08517732646256441,0.782644560332817,In Stock,0.6938775510204082
Unknown,0.768818833990098,0.10274575343729447,Out of Stock,0.3877551020408163
Unknown,0.16772759422047087,0.46140934647369347,In Stock,0.02040816326530612
Unknown,0.32525007578053955,0.65025431951428,In Stock,0.5102040816326531
Unknown,0.17550772961503486,0.7398127254404534,In Stock,0.7959183673469387
D,0.6275639082550267,0.13805828110770835,In Stock,0.2040816326530612
Unknown,0.2775588562190563,0.20091147024719008,Out of Stock,0.8163265306122448
Unknown,0.31231686369606954,0.34784693007502165,In Stock,0.5102040816326531
Unknown,0.6447408305547135,0.8163356623800643,In Stock,0.6938775510204082
D,0.6396887945842173,0.5207552497147244,In Stock,0.1020408163265306
Unknown,0.9515004546832373,0.5153919743899013,In Stock,0.24489795918367346
Unknown,0.3211074062847328,0.5207552497147244,In Stock,0.5102040816326531
Unknown,0.4044659997979186,0.5207552497147244,In Stock,0.3469387755102041
Unknown,0.5209659492775588,0.5207552497147244,Out of Stock,0.5102040816326531
Unknown,0.4945438011518642,0.686085712769587,Out of Stock,0.5510204081632653
Unknown,0.9319995958371223,0.5207552497147244,Out of Stock,0.061224489795918366
D,0.8605638072143074,0.5207552497147244,In Stock,0.6938775510204082
D,0.622107709406891,0.5207552497147244,Out of Stock,0.5102040816326531
Unknown,0.0032333030211175104,0.32653614466348424,Out of Stock,0.9183673469387754
A,0.7893301000303122,0.5207552497147244,In Stock,0.04081632653061224
D,0.9458421743962817,0.5207552497147244,In Stock,0.5102040816326531
D,0.9288673335354147,0.5207552497147244,In Stock,0.5102040816326531
A,0.27644740830554715,0.5207552497147244,Out of Stock,0.5102040816326531
Unknown,0.645448115590583,0.5207552497147244,In Stock,0.2040816326530612
D,0.429827220369809,0.5207552497147244,In Stock,0.7755102040816326
Unknown,0.12175406688895625,0.5207552497147244,In Stock,0.6122448979591836
C,0.744164898454077,0.801561792942861,In Stock,0.9795918367346939
Unknown,0.5841163989087602,0.6361281225575737,Out of Stock,0.12244897959183673
A,0.13226230170758818,0.3210742663592052,In Stock,0.18367346938775508
B,0.9911084166919268,0.5207552497147244,In Stock,0.061224489795918366
A,0.28968374254824697,0.0041506683196120275,In Stock,0.4693877551020408
B,0.2823077700313226,0.5207552497147244,In Stock,0.16326530612244897
Unknown,0.050722441143780946,0.5207552497147244,Out of Stock,0.44897959183673464
D,0.022329998989592807,0.7899072715598204,In Stock,0.0
C,0.0964938870364757,0.5207552497147244,Out of Stock,0.3469387755102041
Unknown,0.39032029908052945,0.007539887110195154,In Stock,0.44897959183673464
Unknown,0.14903506112963524,0.5207552497147244,In Stock,0.2857142857142857
D,0.8796605031827827,0.384301875976126,Out of Stock,0.26530612244897955
C,0.19581691421642924,0.5382789073297578,In Stock,0.5102040816326531
Unknown,0.4683237344649894,0.5207552497147244,In Stock,0.5102040816326531
Unknown,0.5706779832272405,0.8752115857026043,In Stock,0.26530612244897955
Unknown,0.14812569465494596,0.7788542180180643,In Stock,0.9795918367346939
B,0.8242901889461453,0.07210005771141093,Out of Stock,0.32653061224489793
Unknown,0.6173587955946246,0.5207552497147244,In Stock,0.2040816326530612
Unknown,0.21056885925027788,0.5207552497147244,Out of Stock,0.44897959183673464
Unknown,0.6913206022026877,0.5207552497147244,In Stock,0.7755102040816326
A,0.5295544104274023,0.508926327100514,In Stock,0.4081632653061224
C,0.8670304132565424,0.5207552497147244,In Stock,0.7959183673469387
Unknown,0.44528645043952714,0.4873030363938672,In Stock,0.7551020408163265
Unknown,0.9628170152571486,0.027761511221967905,In Stock,0.4693877551020408
B,0.5862382540163685,0.8557403156949835,Out of Stock,0.6326530612244897
C,0.6605031827826614,0.884100771113791,In Stock,0.673469387755102
Unknown,0.09043144387188036,0.8598139849031884,In Stock,0.7551020408163265
Unknown,0.028796605031827828,0.6589086763281209,In Stock,0.3469387755102041
Unknown,0.6969788824896432,0.9231803866867218,In Stock,0.16326530612244897
Unknown,0.7554814590279882,0.5207552497147244,Out of Stock,0.4081632653061224
C,0.06547438617762959,0.5207552497147244,Out of Stock,0.673469387755102
Unknown,0.8004445791654036,0.3778191824956453,In Stock,0.24489795918367346
Unknown,0.31171061937961,0.8297139485127304,In Stock,0.4081632653061224
A,0.37061735879559465,0.5207552497147244,In Stock,0.7755102040816326
Unknown,0.5731029604930786,0.8564265743373475,In Stock,0.14285714285714285
C,0.6582802869556431,0.6537502985601256,In Stock,0.26530612244897955
Unknown,0.11589370516318075,0.5207552497147244,In Stock,0.2040816326530612
A,0.3924421541881378,0.5207552497147244,Out of Stock,0.5306122448979591
Unknown,0.1984439729210872,0.5207552497147244,Out of Stock,0.8571428571428571
B,0.724664039607962,0.22630386706456784,In Stock,0.14285714285714285
Unknown,0.40406183692027886,0.5207552497147244,In Stock,0.24489795918367346
Unknown,0.9412953420228352,0.7345653144085741,In Stock,0.18367346938775508
Unknown,0.7692229968677377,0.5207552497147244,In Stock,0.836734693877551
Unknown,0.0568859250277862,0.5207552497147244,In Stock,0.44897959183673464
C,0.4945438011518642,0.9320274047104172,Out of Stock,0.8571428571428571
A,0.8590481964231585,0.6652133254699109,Out of Stock,0.9795918367346939
B,0.9113872890774982,0.6474784575552682,In Stock,0.9183673469387754
Unknown,0.7308275234919672,0.9937840807683714,In Stock,0.5714285714285714
A,0.6248358088309588,0.8293394860493651,In Stock,0.42857142857142855
C,0.47620491057896336,0.5207552497147244,Out of Stock,0.5102040816326531
B,0.4183085783570779,0.06017501918991863,Out of Stock,0.4693877551020408
Unknown,0.9508942103667778,0.5207552497147244,In Stock,0.7551020408163265
Unknown,0.14711528746084673,0.28160010677442704,In Stock,0.6938775510204082
Unknown,0.7354753965848236,0.5207552497147244,Out of Stock,0.6326530612244897
Unknown,0.0879054258866323,0.8958064860328999,In Stock,0.5102040816326531
D,0.5000505203597049,0.11037593704015003,Out of Stock,0.5102040816326531
B,0.2931191270081843,0.4292331062581648,Out of Stock,0.14285714285714285
Unknown,0.06830352632110741,0.29569693957574716,In Stock,0.9183673469387754
B,0.9465494594321511,0.5207552497147244,Out of Stock,0.02040816326530612
A,0.346771749014853,0.5207552497147244,In Stock,0.5102040816326531
Unknown,0.14479135091441853,0.9099005031868709,Out of Stock,0.14285714285714285
Unknown,0.08750126300899262,0.5207552497147244,In Stock,0.5102040816326531
D,0.32151156916237245,0.5207552497147244,In Stock,0.5102040816326531
B,0.564918662220875,0.5207552497147244,In Stock,0.2857142857142857
D,0.7736687885217742,0.5170367383831995,Out of Stock,0.7959183673469387
A,0.2485601697484086,0.03831496078533575,In Stock,0.7142857142857142
D,0.05476406992017783,0.5207552497147244,Out of Stock,0.9591836734693877
Unknown,0.5163180761847024,0.2784374637530562,Out of Stock,0.8571428571428571
B,0.7390118217641709,0.5429903426860346,In Stock,0.6938775510204082
D,0.3625341012428009,0.5207552497147244,In Stock,0.08163265306122448
B,0.9086591896534303,0.5207552497147244,In Stock,0.36734693877551017
C,0.6474689299787814,0.8276046404377085,In Stock,0.14285714285714285
Unknown,0.6224108315651207,0.5207552497147244,In Stock,0.22448979591836732
Unknown,0.963625341012428,0.5207552497147244,In Stock,0.7346938775510203
Unknown,0.3404061836920279,0.5207552497147244,In Stock,0.4081632653061224
Unknown,0.45316762655350107,0.42819595299614543,Out of Stock,0.22448979591836732
Unknown,0.3554612508841063,0.5207552497147244,In Stock,0.5102040816326531
Unknown,0.5588562190562797,0.5207552497147244,In Stock,0.9183673469387754
Unknown,0.5814893402041023,0.41826385847311076,In Stock,0.14285714285714285
Unknown,0.025765383449530166,0.11921626743465363,In Stock,0.42857142857142855
Unknown,0.3145397595230878,0.020965470369482375,Out of Stock,0.6326530612244897
Unknown,0.023946650500151566,0.5973388938832829,In Stock,0.5102040816326531
Unknown,0.7490148529857532,0.5207552497147244,In Stock,0.02040816326530612
Unknown,0.7383045367283014,0.5207552497147244,Out of Stock,0.4693877551020408
D,0.9146205920986157,0.8182635204887817,Out of Stock,0.5102040816326531
Unknown,0.8431848034758007,0.5207552497147244,In Stock,0.6938775510204082
Unknown,0.5091441851065979,0.5207552497147244,In Stock,0.4897959183673469
A,0.40941699504900475,0.5207552497147244,In Stock,0.9795918367346939
Unknown,0.3202990805294534,0.5682374022797755,In Stock,0.9387755102040816
Unknown,0.8275234919672627,0.6844589492858053,Out of Stock,0.5102040816326531
Unknown,0.002222895827018288,0.5207552497147244,In Stock,0.22448979591836732
Unknown,0.03243407093058503,0.27704450836523875,In Stock,0.14285714285714285
Unknown,0.006062443164595333,0.5207552497147244,In Stock,0.7346938775510203
Unknown,0.3449530160654744,0.5207552497147244,In Stock,0.2040816326530612
A,0.3708194402344145,0.5207552497147244,In Stock,0.3877551020408163
Unknown,0.14054764069920178,0.639507928519617,Out of Stock,0.36734693877551017
D,0.8204506416085682,0.5207552497147244,Out of Stock,0.9183673469387754
D,0.2434070930585026,0.6583527367471516,In Stock,0.673469387755102
Unknown,0.9434171971304436,0.412964086419773,In Stock,0.04081632653061224
C,0.9711023542487622,0.8124518516536953,Out of Stock,0.9387755102040816
Unknown,0.4945438011518642,0.6218964297999008,In Stock,0.6530612244897959
Unknown,0.692229968677377,0.3839531446614022,In Stock,0.9795918367346939
Unknown,0.34980297059715065,0.5207552497147244,Out of Stock,0.9591836734693877
Unknown,0.9025967464888349,0.91037983399538,In Stock,0.36734693877551017
Unknown,0.8536930382944327,0.5207552497147244,In Stock,0.4081632653061224
Unknown,0.35344043649590784,0.5207552497147244,In Stock,0.12244897959183673
Unknown,0.6277659896938466,0.5207552497147244,Out of Stock,0.5102040816326531
Unknown,0.0997271900575932,0.36256981285313516,In Stock,0.12244897959183673
Unknown,0.2830150550671921,0.5207552497147244,In Stock,0.3061224489795918
C,0.5196524199252298,0.03714689783020908,In Stock,0.5306122448979591
D,0.06941497423461655,0.5207552497147244,Out of Stock,0.7142857142857142
Unknown,0.7325452157219359,0.8481761184983548,Out of Stock,0.12244897959183673
D,0.6711124583207032,0.5207552497147244,In Stock,0.7959183673469387
Unknown,0.8660200060624431,0.5207552497147244,Out of Stock,0.14285714285714285
Unknown,0.9139133070627462,0.9434891270010918,In Stock,0.3469387755102041
D,0.1583308073153481,0.2764723268013779,Out of Stock,0.9387755102040816
Unknown,0.12175406688895625,0.5207552497147244,Out of Stock,0.3877551020408163
B,0.26886935434980297,0.5720794783764127,In Stock,0.5102040816326531
D,0.5624936849550368,0.5207552497147244,In Stock,0.04081632653061224
Unknown,0.6434273012023846,0.5207552497147244,Out of Stock,0.9591836734693877
B,0.4945438011518642,0.48783497052199176,In Stock,0.5510204081632653
Unknown,0.5217742750328382,0.5207552497147244,In Stock,0.8979591836734693
Unknown,0.5169243205011619,0.5207552497147244,Out of Stock,0.6122448979591836
C,0.9774679195715873,0.7755085840463151,In Stock,0.26530612244897955
Unknown,0.4884308376275639,0.5974368219200382,In Stock,0.6530612244897959
Unknown,0.9918157017277962,0.5123384154031176,In Stock,0.5102040816326531
A,0.4945438011518642,0.7686542962375175,In Stock,0.2040816326530612
B,0.8323734464989391,0.4905318060460514,Out of Stock,0.673469387755102
D,0.6854602404769121,0.5207552497147244,Out of Stock,0.3877551020408163
Unknown,0.47580074770132363,0.5207552497147244,Out of Stock,0.44897959183673464
D,0.258462160250581,0.5207552497147244,In Stock,0.1020408163265306
C,0.4989390724461958,0.5207552497147244,Out of Stock,0.32653061224489793
Unknown,0.8926947559866626,0.542410698348979,In Stock,0.5102040816326531
Unknown,0.71425684550874,0.6413997369551434,In Stock,0.6326530612244897
Unknown,0.2561382237041528,0.5207552497147244,In Stock,0.26530612244897955
Unknown,0.2904920683035263,0.9720313334801071,In Stock,0.4693877551020408
Unknown,0.4945438011518642,0.5207552497147244,In Stock,0.9387755102040816
C,0.72719005759321,0.0454119092372246,In Stock,0.061224489795918366
Unknown,0.560978074163888,0.5207552497147244,In Stock,0.5510204081632653
B,0.7821562089522077,0.9416875572538389,Out of Stock,0.0
Unknown,0.009194705466302919,0.6215105848612985,Out of Stock,0.5510204081632653
Unknown,0.5712842275437001,0.5207552497147244,In Stock,0.22448979591836732
Unknown,0.4711528746084672,0.5207552497147244,In Stock,0.7551020408163265
Unknown,0.10841669192684651,0.5064398351924029,Out of Stock,0.1020408163265306
Unknown,0.1979387693240376,0.12345387137109332,In Stock,0.14285714285714285
Unknown,0.5073254521572194,0.9829009524271127,In Stock,0.4081632653061224
B,0.19632211781347883,0.5207552497147244,In Stock,0.02040816326530612
Unknown,0.4809538243912297,0.346042547110909,Out of Stock,0.5918367346938775
B,0.9170455693644538,0.9968224839606589,In Stock,0.836734693877551
Unknown,0.4945438011518642,0.6882107031203276,Out of Stock,0.44897959183673464
Unknown,0.3167626553501061,0.5207552497147244,Out of Stock,0.8163265306122448
C,0.39719106800040416,0.15965550364903702,In Stock,0.12244897959183673
Unknown,0.6178639991916742,0.5207552497147244,In Stock,0.8571428571428571
Unknown,0.18753157522481562,0.9242426314485016,Out of Stock,0.9387755102040816
Unknown,0.7021319591795493,0.5207552497147244,In Stock,0.26530612244897955
Unknown,0.8526826311003334,0.8954130585418788,In Stock,0.5102040816326531
Unknown,0.12276447408305548,0.5207552497147244,In Stock,0.4081632653061224
Unknown,0.923310093967869,0.40966687545552094,In Stock,0.8163265306122448
Unknown,0.07153682934222491,0.5639811542297523,In Stock,0.9183673469387754
Unknown,0.7011215519854501,0.5207552497147244,In Stock,0.7346938775510203
C,0.7952915024754976,0.744112511530949,Out of Stock,0.26530612244897955
Unknown,0.6396887945842173,0.14901554448633886,In Stock,0.24489795918367346
Unknown,0.6935434980297059,0.5207552497147244,In Stock,0.8775510204081632
Unknown,0.8433868849146205,0.4148910875289653,In Stock,0.7959183673469387
B,0.6350409214913609,0.9522550363170622,In Stock,0.673469387755102
B,0.7008184298272203,0.6902115551050582,Out of Stock,0.836734693877551
D,0.335051025563302,0.5207552497147244,In Stock,0.32653061224489793
Unknown,0.481863190865919,0.5207552497147244,In Stock,0.5714285714285714
D,0.015055067192078409,0.5207552497147244,In Stock,0.061224489795918366
Unknown,0.7392139032029907,0.5207552497147244,In Stock,0.8775510204081632
A,0.19036071536829344,0.3536160516407506,In Stock,0.3469387755102041
B,0.11114479135091442,0.5624093000483342,Out of Stock,0.7959183673469387
Unknown,0.5904819642315853,0.5207552497147244,Out of Stock,0.5102040816326531
Unknown,0.6056380721430736,0.5453150040669903,Out of Stock,0.2857142857142857
Unknown,0.4945438011518642,0.5326290798434757,Out of Stock,0.9183673469387754
Unknown,0.5088410629483682,0.14421101443839018,Out of Stock,0.3469387755102041
Unknown,0.7376982924118419,0.8494143457727149,In Stock,0.44897959183673464
Unknown,0.981711629786804,0.5207552497147244,In Stock,0.14285714285714285
Unknown,0.3784985349095686,0.5207552497147244,In Stock,0.4897959183673469
Unknown,0.9984843892088511,0.5207552497147244,In Stock,0.0
Unknown,0.053551581287258766,0.31064099460917294,In Stock,0.24489795918367346
Unknown,0.8079215924017379,0.5207552497147244,Out of Stock,0.44897959183673464
A,0.2329998989592806,0.4745632772134615,In Stock,0.8979591836734693
B,0.5528948166110942,0.5207552497147244,In Stock,0.42857142857142855
Unknown,0.8532888754167929,0.22669614932592386,Out of Stock,0.6326530612244897
Unknown,0.205213701121552,0.5207552497147244,In Stock,0.5102040816326531
Unknown,0.2972617965039911,0.5207552497147244,Out of Stock,0.5918367346938775
C,0.24239668586440338,0.41182205221382484,Out of Stock,0.44897959183673464
Unknown,0.24461958169142167,0.5207552497147244,In Stock,0.8163265306122448
Unknown,0.8438920885116702,0.2836260007673086,In Stock,0.7346938775510203
D,0.42396685864403355,0.6401651228341398,In Stock,0.8163265306122448
Unknown,0.1920784075982621,0.5207552497147244,In Stock,0.061224489795918366
Unknown,0.3693038294432657,0.5207552497147244,In Stock,0.5102040816326531
Unknown,0.535010609275538,0.5207552497147244,In Stock,0.5102040816326531
Unknown,0.510356673739517,0.5207552497147244,In Stock,0.18367346938775508
Unknown,0.06951601495402647,0.9190180138296954,In Stock,0.5102040816326531
Unknown,0.3066585834091139,0.9946896538848226,In Stock,0.7959183673469387
Unknown,0.7213296958674346,0.5207552497147244,In Stock,0.9387755102040816
Unknown,0.5988683439426088,0.5207552497147244,In Stock,0.5714285714285714
Unknown,0.044255835101545925,0.03727377638526791,In Stock,0.1020408163265306
Unknown,0.053147418409619084,0.5747986251198013,In Stock,0.5714285714285714
Unknown,0.6585834091138728,0.21920486462678485,In Stock,0.3877551020408163
Unknown,0.3188845104577145,0.5207552497147244,Out of Stock,0.4897959183673469
Unknown,0.863493988077195,0.042689812928390136,Out of Stock,0.5306122448979591
Unknown,0.0692128927957967,0.532500856188583,Out of Stock,0.5102040816326531
Unknown,0.3669798928968374,0.6455048461786107,Out of Stock,0.36734693877551017
Unknown,0.846822269374558,0.901199996595088,Out of Stock,0.0
Unknown,0.6436293826412044,0.5504516611099833,Out of Stock,0.3061224489795918
B,0.4587248661210468,0.5207552497147244,Out of Stock,0.5306122448979591
B,0.8628877437607355,0.751027018636116,Out of Stock,0.9795918367346939
D,0.015459230069718099,0.5376448512490426,In Stock,0.673469387755102
Unknown,0.9516014954026473,0.2448618947756458,In Stock,0.8979591836734693
Unknown,0.10356673739517025,0.46757549737231174,In Stock,0.22448979591836732
Unknown,0.3877942810952814,0.5207552497147244,In Stock,0.2040816326530612
C,0.07345660301101344,0.5207552497147244,In Stock,0.8571428571428571
Unknown,0.9343235323835505,0.6634374330709885,Out of Stock,0.3061224489795918
Unknown,0.8666262503789026,0.9281118539105181,In Stock,0.5102040816326531
A,0.7743760735576437,0.5207552497147244,In Stock,0.3469387755102041
Unknown,0.8378296453470748,0.5207552497147244,Out of Stock,0.6938775510204082
Unknown,0.07972112761442861,0.5207552497147244,In Stock,0.6326530612244897
Unknown,0.5466302920076791,0.9974466399555896,In Stock,0.5918367346938775
Unknown,0.7459836314034556,0.8473740687985457,In Stock,0.6122448979591836
Unknown,0.5542083459634232,0.5207552497147244,In Stock,0.8979591836734693
B,0.8629887844801455,0.1824011203822462,Out of Stock,0.24489795918367346
Unknown,0.9132060220268768,0.5207552497147244,Out of Stock,0.8979591836734693
Unknown,0.0055572395675457225,0.5207552497147244,Out of Stock,0.4897959183673469
A,0.7881176113973931,0.5207552497147244,Out of Stock,0.4897959183673469
Unknown,0.8685460240476912,0.82720688634123,In Stock,0.1020408163265306
A,0.12266343336364553,0.5207949839398323,Out of Stock,0.4897959183673469
B,0.008487420430433464,0.11142908556245396,In Stock,0.32653061224489793
Unknown,0.4952005658280287,0.7040307854205071,In Stock,0.6122448979591836
B,0.12387592199656462,0.046922180462822816,In Stock,0.8979591836734693
Unknown,0.829746387794281,0.5207552497147244,In Stock,0.22448979591836732
A,0.4420531474184096,0.5207552497147244,Out of Stock,0.24489795918367346
Unknown,0.8294432656360513,0.5207552497147244,In Stock,0.5714285714285714
Unknown,0.638981509548348,0.5207552497147244,In Stock,0.36734693877551017
B,0.9356370617358796,0.07690412205507702,In Stock,0.26530612244897955
Unknown,0.1632818025664343,0.4219478651339339,In Stock,0.14285714285714285
B,0.6342325957360816,0.5207552497147244,In Stock,0.6530612244897959
Unknown,0.6897039506921289,0.3333942720867147,In Stock,0.5102040816326531
C,0.43467717490148533,0.12295262766958787,Out of Stock,0.5102040816326531
A,0.80519349297767,0.5207552497147244,In Stock,0.24489795918367346
Unknown,0.04253814287157725,0.698238689107315,Out of Stock,0.3061224489795918
Unknown,0.40032333030211176,0.5332355963221642,Out of Stock,0.04081632653061224
Unknown,0.2793775891684349,0.5207552497147244,In Stock,0.8979591836734693
C,0.35384459937354756,0.5207552497147244,In Stock,0.14285714285714285
B,0.8510659795897746,0.8604939590393116,In Stock,0.7142857142857142
C,0.7277963019096696,0.5207552497147244,In Stock,0.3469387755102041
Unknown,0.8080226331211477,0.5207552497147244,In Stock,0.2040816326530612
Unknown,0.4874204304334647,0.5207552497147244,Out of Stock,0.8571428571428571
D,0.4945438011518642,0.5207552497147244,In Stock,0.7755102040816326
Unknown,0.7727594220470849,0.2924702007510138,Out of Stock,0.7346938775510203
Unknown,0.3478831969283621,0.4057334726730242,Out of Stock,0.5102040816326531
Unknown,0.4624633727392139,0.5207552497147244,Out of Stock,0.14285714285714285
D,0.3992118823886026,0.5207552497147244,In Stock,0.5102040816326531
C,0.6531272102657371,0.5207552497147244,Out of Stock,0.5102040816326531
C,0.05708800646660605,0.5207552497147244,In Stock,0.7551020408163265
D,0.6441345862382539,0.5709962399162636,Out of Stock,0.5102040816326531
A,0.09295746185712842,0.998545231831626,In Stock,0.6122448979591836
D,0.398706678791553,0.6304228896709547,In Stock,0.2040816326530612
C,0.19510962918055977,0.5207552497147244,In Stock,0.5306122448979591
D,0.538951197332525,0.5207552497147244,In Stock,0.5102040816326531
A,0.18308578357077904,0.5207552497147244,In Stock,0.18367346938775508
Unknown,0.19005759321006366,0.5207552497147244,In Stock,0.5102040816326531
B,0.4809538243912297,0.5207552497147244,Out of Stock,0.12244897959183673
Unknown,0.06890977063756694,0.5207552497147244,In Stock,0.8571428571428571
Unknown,0.7571991512579569,0.5207552497147244,In Stock,0.08163265306122448
B,0.8599575628978477,0.5207552497147244,In Stock,0.36734693877551017
A,0.17045569364453875,0.9536233308707388,In Stock,0.7755102040816326
C,0.23320198039810044,0.5053805441655731,Out of Stock,0.061224489795918366
A,0.7571991512579569,0.4500862475217128,In Stock,0.2040816326530612
C,0.5575426897039506,0.5207552497147244,Out of Stock,0.7755102040816326
B,0.24876225118722844,0.017605144064651523,Out of Stock,0.0
Unknown,0.8809740325351116,0.5207552497147244,Out of Stock,0.3469387755102041
Unknown,0.1851065979589775,0.2515857733837389,In Stock,0.16326530612244897
A,0.7591189249267455,0.5857537416992529,In Stock,0.6530612244897959
B,0.3548550065676468,0.44737397868490003,In Stock,0.5102040816326531
Unknown,0.10599171466100839,0.5207552497147244,Out of Stock,0.5102040816326531
Unknown,0.8794584217439628,0.5207155154896166,In Stock,0.22448979591836732
Unknown,0.6287763968879458,0.6196016570566002,Out of Stock,0.36734693877551017
Unknown,0.8991613620288976,0.20946235594084228,In Stock,0.1020408163265306
Unknown,0.33161564110336467,0.5207552497147244,Out of Stock,0.5306122448979591
Unknown,0.9001717692229968,0.5207552497147244,In Stock,0.7142857142857142
D,0.3127210265737092,0.5207552497147244,In Stock,0.44897959183673464
A,0.011114479135091443,0.5207552497147244,Out of Stock,0.7551020408163265
Unknown,0.6564615540062645,0.5207552497147244,In Stock,0.9183673469387754
Unknown,0.4945438011518642,0.5207552497147244,In Stock,0.8979591836734693
Unknown,0.15701727796301912,0.5207552497147244,Out of Stock,0.9591836734693877
B,0.43093866828331817,0.5207552497147244,In Stock,0.7142857142857142
Unknown,0.4945438011518642,0.6732321660115453,In Stock,0.9387755102040816
D,0.4945438011518642,0.7524966961618446,Out of Stock,0.3061224489795918
Unknown,0.46892997878144893,0.5207552497147244,In Stock,0.3877551020408163
Unknown,0.32454279074467013,0.5207552497147244,Out of Stock,0.836734693877551
Unknown,0.7297160755784581,0.7474498483264419,In Stock,0.04081632653061224
Unknown,0.7606345357178943,0.5207552497147244,In Stock,0.4081632653061224
Unknown,0.6523188845104577,0.5207552497147244,In Stock,0.26530612244897955
Unknown,0.622006668687481,0.8497077499639446,In Stock,0.32653061224489793
Unknown,0.3043346468626857,0.5207552497147244,In Stock,0.5714285714285714
A,0.012225927048600588,0.5207552497147244,In Stock,0.4693877551020408
Unknown,0.7513387895321815,0.5207552497147244,In Stock,0.14285714285714285
Unknown,0.4945438011518642,0.5207552497147244,In Stock,0.8979591836734693
Unknown,0.5559260381933919,0.886396239569495,In Stock,0.04081632653061224
Unknown,0.537637667980196,0.7957300373239969,Out of Stock,0.5102040816326531
Unknown,0.4945438011518642,0.0984346630284938,In Stock,0.02040816326530612
B,0.15802768515711832,0.8747498028405593,In Stock,0.4693877551020408
Unknown,0.4945438011518642,0.5705743709284643,In Stock,0.836734693877551
D,0.8114580175810852,0.4865118190365276,In Stock,0.9591836734693877
A,0.20925532989794887,0.12068828185090097,In Stock,0.6530612244897959
B,0.32747297160755784,0.5207552497147244,In Stock,0.7755102040816326
Unknown,0.5694654945943215,0.5207552497147244,Out of Stock,0.7755102040816326
C,0.22683641507527535,0.8652384581472446,Out of Stock,0.5714285714285714
Unknown,0.04476103869859554,0.5573150147057528,In Stock,0.5102040816326531
Unknown,0.494897443669799,0.5207552497147244,In Stock,0.6938775510204082
Unknown,0.9426088713751641,0.5207552497147244,In Stock,0.8979591836734693
Unknown,0.2676568657168839,0.5207552497147244,In Stock,0.3061224489795918
Unknown,0.49348287359806003,0.5207552497147244,Out of Stock,0.6938775510204082
Unknown,0.8368192381529757,0.5207552497147244,Out of Stock,0.5102040816326531
Unknown,0.7107204203293928,0.6262213520644792,In Stock,0.44897959183673464
Unknown,0.4319490754774174,0.5207552497147244,In Stock,0.04081632653061224
Unknown,0.3513185813882995,0.7079747127602951,In Stock,0.7959183673469387
Unknown,0.2188541982418915,0.5207552497147244,In Stock,0.5714285714285714
A,0.9788824896433262,0.062454106225274864,In Stock,0.6326530612244897
Unknown,0.4737799333131252,0.5207552497147244,In Stock,0.8571428571428571
C,0.5438011518642012,0.5207552497147244,Out of Stock,0.12244897959183673
Unknown,0.2599777710417298,0.5207552497147244,In Stock,0.9387755102040816
Unknown,0.9058300495099525,0.5207552497147244,In Stock,0.04081632653061224
Unknown,0.9933313125189451,0.5207552497147244,In Stock,0.7346938775510203
Unknown,0.9215924017379004,0.5207552497147244,Out of Stock,0.8775510204081632
C,0.01374153783974942,0.5207552497147244,Out of Stock,0.18367346938775508
D,0.4945438011518642,0.5207552497147244,Out of Stock,0.3061224489795918
Unknown,0.7163787006163483,0.596677181457926,In Stock,0.08163265306122448
A,0.4945438011518642,0.5207552497147244,In Stock,0.7551020408163265
A,0.30372840254622613,0.5207552497147244,Out of Stock,0.5102040816326531
Unknown,0.11447913509144185,0.15756458187563377,In Stock,0.3877551020408163
Unknown,0.906537334545822,0.5207552497147244,In Stock,0.7959183673469387
Unknown,0.06638375265231888,0.012479942703372826,In Stock,0.1020408163265306
Unknown,0.6290795190461755,0.5207552497147244,In Stock,0.4081632653061224
Unknown,0.299989895928059,0.5207552497147244,In Stock,0.9387755102040816
Unknown,0.7936748509649388,0.044681769889649614,In Stock,0.14285714285714285
Unknown,0.6218045872486612,0.5207552497147244,Out of Stock,0.5102040816326531
Unknown,0.9049206830352632,0.5207552497147244,In Stock,0.3061224489795918
Unknown,0.5002526017985247,0.1846776689078909,In Stock,0.5714285714285714
A,0.3082752349196726,0.8716508547289995,In Stock,0.7551020408163265
Unknown,0.5691623724360917,0.5207552497147244,In Stock,0.6938775510204082
B,0.8437910477922602,0.5207552497147244,In Stock,0.3061224489795918
C,0.7847832676568657,0.22833337099199746,In Stock,0.8163265306122448
Unknown,0.09214913610184904,0.5207552497147244,Out of Stock,0.4081632653061224
B,0.4605435990704254,0.5207552497147244,In Stock,0.14285714285714285
Unknown,0.7203192886733353,0.1061993454109435,In Stock,0.2040816326530612
C,0.6540365767404264,0.3622043236767126,In Stock,0.32653061224489793
Unknown,0.18813781954127515,0.5207552497147244,Out of Stock,0.5102040816326531
Unknown,0.354551884409417,0.5207552497147244,In Stock,0.0
C,0.6099828230777002,0.6789323620182758,Out of Stock,0.26530612244897955
A,0.1455996766696979,0.5207552497147244,In Stock,0.4693877551020408
A,0.06517126401939981,0.5207552497147244,In Stock,0.02040816326530612
Unknown,0.7159745377387087,0.6358109218008612,In Stock,0.44897959183673464
A,0.17277963019096698,0.3868016077726566,In Stock,0.7959183673469387
Unknown,0.6327169849449328,0.29623411031797897,In Stock,0.3061224489795918
Unknown,0.7563908255026776,0.31857235392698524,In Stock,0.1020408163265306
Unknown,0.8601596443366677,0.053839341640921135,Out of Stock,0.44897959183673464
Unknown,0.13862786703041327,0.5207552497147244,Out of Stock,0.5102040816326531
Unknown,0.7136506011922804,0.5207552497147244,In Stock,0.9183673469387754
Unknown,0.6749520056582803,0.012986615496903942,In Stock,0.5102040816326531
A,0.9033040315247044,0.5207552497147244,In Stock,0.44897959183673464
Unknown,0.6808123673840557,0.5207552497147244,In Stock,0.5102040816326531
Unknown,0.34525613822370416,0.5207552497147244,Out of Stock,0.18367346938775508
Unknown,0.8303526321107406,0.6681475345209287,Out of Stock,0.12244897959183673
Unknown,0.03526321107406285,0.15581272039366495,In Stock,0.6530612244897959
A,0.1433767808426796,0.23960410806712762,In Stock,0.3061224489795918
Unknown,0.976659593816308,0.5207552497147244,In Stock,0.5102040816326531
Unknown,0.42942305749216936,0.5207552497147244,In Stock,0.4897959183673469
Unknown,0.33070627462867536,0.5207552497147244,Out of Stock,0.3061224489795918
Unknown,0.31373143376780843,0.5207552497147244,In Stock,0.8775510204081632
Unknown,0.7719510962918056,0.39697612446951436,In Stock,0.32653061224489793
A,0.4945438011518642,0.5207552497147244,In Stock,0.6938775510204082
Unknown,0.06769728200464786,0.5503622104027889,Out of Stock,0.26530612244897955
Unknown,0.6929372537132464,0.5500781666964495,In Stock,0.7959183673469387
B,0.8424775184399312,0.8088022471095283,In Stock,0.08163265306122448
Unknown,0.4443770839648378,0.5207552497147244,Out of Stock,0.4693877551020408
Unknown,0.8582398706678791,0.5207552497147244,In Stock,0.9183673469387754
Unknown,0.9586743457613418,0.5207552497147244,In Stock,0.8979591836734693
B,0.43396988986561585,0.7751181109684139,In Stock,0.26530612244897955
Unknown,0.06486814186117004,0.5207552497147244,In Stock,0.5306122448979591
Unknown,0.4945438011518642,0.44235665663987933,In Stock,0.24489795918367346
Unknown,0.6087703344447812,0.5207552497147244,Out of Stock,0.16326530612244897
Unknown,0.7887238557138526,0.5207552497147244,In Stock,0.0
C,0.9294735778518742,0.09630675231351737,Out of Stock,0.3469387755102041
Unknown,0.2784682226937456,0.5207552497147244,In Stock,0.5918367346938775
D,0.8557138526826311,0.7872805854476826,In Stock,0.3469387755102041
B,0.9696877841770233,0.24933767385739475,In Stock,0.836734693877551
Unknown,0.038193391936950594,0.5207552497147244,Out of Stock,0.5102040816326531
Unknown,0.7928665252096595,0.5207552497147244,In Stock,0.5102040816326531
B,0.7902394665050014,0.5207552497147244,In Stock,0.673469387755102
Unknown,0.28250985147014246,0.5207552497147244,In Stock,0.5102040816326531
Unknown,0.8222693745579468,0.3823317245809783,Out of Stock,0.32653061224489793
D,0.193492977670001,0.5207552497147244,In Stock,0.1020408163265306
Unknown,0.007274931797514398,0.5207552497147244,In Stock,0.5714285714285714
C,0.9040113165605739,0.5207552497147244,Out of Stock,0.5714285714285714
Unknown,0.3577851874305345,0.5207552497147244,In Stock,0.32653061224489793
D,0.11013438415681519,0.19324419016382494,In Stock,0.5102040816326531
Unknown,0.4282105688592503,0.46714733077744985,Out of Stock,0.0
C,0.017075881580276855,0.09673085469203091,In Stock,0.3061224489795918
Unknown,0.5685561281196322,0.5207552497147244,In Stock,0.673469387755102
Unknown,0.24199252298676366,0.43040462260222423,Out of Stock,0.8571428571428571
Unknown,0.509043144387188,0.5207552497147244,In Stock,0.5102040816326531
Unknown,0.6020006062443164,0.5207552497147244,In Stock,0.12244897959183673
Unknown,0.2752349196726281,0.5207552497147244,In Stock,0.7142857142857142
D,0.12761442861473174,0.5207552497147244,In Stock,0.7551020408163265
Unknown,0.7215317773062544,0.6857024095787138,Out of Stock,0.9183673469387754
Unknown,0.07982216833383854,0.5207552497147244,Out of Stock,0.6326530612244897
C,0.32151156916237245,0.5207552497147244,In Stock,0.42857142857142855
A,0.3603112054157826,0.4713613885670044,In Stock,0.5102040816326531
Unknown,0.24957057694250784,0.5207552497147244,Out of Stock,0.4693877551020408
Unknown,0.680408204506416,0.5207552497147244,In Stock,0.5714285714285714
A,0.08931999595837121,0.27488164932213166,In Stock,0.7551020408163265
Unknown,0.16681822774578156,0.5207552497147244,Out of Stock,0.3469387755102041
Unknown,0.5201576235222795,0.24841751769862047,Out of Stock,0.3469387755102041
Unknown,0.2723047388097403,0.2582657443971679,Out of Stock,0.5510204081632653
Unknown,0.1969283621299384,0.5207552497147244,Out of Stock,0.9183673469387754
Unknown,0.34141659088612714,0.5207552497147244,In Stock,0.836734693877551
Unknown,0.8310599171466101,0.5207552497147244,In Stock,0.5102040816326531
Unknown,0.403859755481459,0.5207552497147244,Out of Stock,0.5102040816326531
A,0.3120137415378398,0.9894717253644928,In Stock,0.6326530612244897
Unknown,0.6269576639385672,0.6414477610138,Out of Stock,0.7346938775510203
Unknown,0.6092755380418308,0.61671382963683,In Stock,0.7142857142857142
D,0.01475194503384864,0.5207552497147244,In Stock,0.08163265306122448
Unknown,0.8575325856320096,0.4645001932695425,In Stock,0.3877551020408163
Unknown,0.972617965039911,0.5207552497147244,In Stock,0.44897959183673464
Unknown,0.3335354147721532,0.5207552497147244,In Stock,0.5102040816326531
A,0.3977973123168637,0.5207552497147244,In Stock,0.5918367346938775
B,0.4058805698696575,0.5207552497147244,In Stock,0.22448979591836732
A,0.4958068101444883,0.5207552497147244,In Stock,0.5714285714285714
Unknown,0.61028594523593,0.8445037727924704,In Stock,0.04081632653061224
Unknown,0.4573102960493079,0.4938204097466802,Out of Stock,0.5102040816326531
Unknown,0.003940588056986966,0.5207552497147244,In Stock,0.3061224489795918
Unknown,0.483176720218248,0.5207552497147244,In Stock,0.5102040816326531
Unknown,0.5237950894210366,0.8162013750184353,In Stock,0.9183673469387754
Unknown,0.6874810548651106,0.5207552497147244,Out of Stock,0.5102040816326531
C,0.04193189855511772,0.06819774035543685,In Stock,0.5102040816326531
Unknown,0.9284631706577751,0.5207552497147244,Out of Stock,0.3877551020408163
Unknown,0.9358391431746994,0.5207552497147244,Out of Stock,0.5102040816326531
Unknown,0.22158229766595938,0.5207552497147244,Out of Stock,0.24489795918367346
A,0.6190764878245932,0.7728624630665243,In Stock,0.12244897959183673
Unknown,0.9434171971304436,0.5207552497147244,In Stock,0.5102040816326531
B,0.8981509548347983,0.2756035429922544,Out of Stock,0.04081632653061224
C,0.8236839446296857,0.5207552497147244,In Stock,0.7959183673469387
Unknown,0.5582499747398201,0.5582036510621939,In Stock,0.9387755102040816
Unknown,0.7261796503991108,0.5207552497147244,In Stock,0.2857142857142857
A,0.08497524502374457,0.5207552497147244,Out of Stock,0.6326530612244897
Unknown,0.023744569061331718,0.5207552497147244,In Stock,0.9387755102040816
B,0.47913509144185107,0.5207552497147244,In Stock,0.8775510204081632
Unknown,0.035970496109932304,0.48951622144136475,Out of Stock,0.3061224489795918
Unknown,0.49994947964029507,0.5207552497147244,In Stock,0.42857142857142855
D,0.3112054157825604,0.6594625406907099,Out of Stock,0.1020408163265306
Unknown,0.36970799232090534,0.9642494598747801,Out of Stock,0.44897959183673464
Unknown,0.6955643124179044,0.5207552497147244,In Stock,0.836734693877551
B,0.5859351318581388,0.5207552497147244,Out of Stock,0.5714285714285714
Unknown,0.9797918561180156,0.5207552497147244,In Stock,0.5102040816326531
Unknown,0.6639385672425987,0.992737863079003,In Stock,0.836734693877551
Unknown,0.02606850560775993,0.8817822596466499,In Stock,0.9387755102040816
Unknown,0.422047084975245,0.2660106544164993,In Stock,0.5102040816326531
Unknown,0.2962513893098919,0.5207552497147244,In Stock,0.6326530612244897
Unknown,0.5942204708497524,0.5207552497147244,In Stock,0.3469387755102041
D,0.5014650904314438,0.5207552497147244,Out of Stock,0.9999999999999999
Unknown,0.6702030918460139,0.5207552497147244,In Stock,0.5510204081632653
D,0.9475598666262504,0.32078327030429743,In Stock,0.5102040816326531
Unknown,0.18540972011720724,0.5430827040767064,In Stock,0.9183673469387754
Unknown,0.1966252399717086,0.4827861518914992,Out of Stock,0.7755102040816326
Unknown,0.33606143275740125,0.8504563011529268,In Stock,0.9387755102040816
Unknown,0.4800444579165404,0.5207552497147244,In Stock,0.8163265306122448
B,0.4945438011518642,0.9896529591590947,In Stock,0.2857142857142857
C,0.2471455996766697,0.04031646109457421,In Stock,0.04081632653061224
C,0.9673638476305951,0.5207552497147244,In Stock,0.26530612244897955
C,0.31827826614125493,0.48962693933572954,In Stock,0.7142857142857142
B,0.49115893705163177,0.4080271441519083,In Stock,0.7142857142857142
Unknown,0.9836314034555925,0.7696845910044615,Out of Stock,0.3061224489795918
Unknown,0.7781145801758108,0.6350217546582934,In Stock,0.0
Unknown,0.26563605132868545,0.5207552497147244,In Stock,0.7959183673469387
D,0.6222087501263008,0.5207552497147244,In Stock,0.16326530612244897
Unknown,0.5437001111447913,0.5207552497147244,In Stock,0.5102040816326531
Unknown,0.542689703950692,0.7466139569353463,In Stock,0.6326530612244897
C,0.8043851672223906,0.4888838789048827,In Stock,0.8979591836734693
Unknown,0.27877134485197536,0.3417377477273391,Out of Stock,0.12244897959183673
Unknown,0.6147317368899666,0.6691501600076311,Out of Stock,0.9387755102040816
Unknown,0.19581691421642924,0.5983512266050981,In Stock,0.7755102040816326
Unknown,0.3012023845609781,0.5389929499040084,In Stock,0.4081632653061224
Unknown,0.9630190966959684,0.7107690325923505,Out of Stock,0.836734693877551
Unknown,0.1151864201273113,0.5096174528109692,In Stock,0.2857142857142857
Unknown,0.5166211983429322,0.5207552497147244,In Stock,0.44897959183673464
Unknown,0.4945438011518642,0.5207552497147244,Out of Stock,0.02040816326530612
Unknown,0.4945438011518642,0.5207552497147244,Out of Stock,0.3061224489795918
Unknown,0.8401535818935031,0.5207552497147244,In Stock,0.18367346938775508
C,0.2862483580883096,0.5710005222969643,In Stock,0.5102040816326531
Unknown,0.3893098918864302,0.5207552497147244,Out of Stock,0.8163265306122448
Unknown,0.615540062645246,0.034781322626700806,Out of Stock,0.7142857142857142
A,0.3073658684449833,0.09444806410494033,In Stock,0.4693877551020408
Unknown,0.3185813882994847,0.21673428406147233,In Stock,0.4081632653061224
Unknown,0.650601192280489,0.4876704693422935,In Stock,0.9183673469387754
Unknown,0.41881378195412755,0.036363889430615914,Out of Stock,0.04081632653061224
Unknown,0.9163382843285843,0.5207552497147244,In Stock,0.6326530612244897
D,0.24886329190663836,0.40570821933100365,In Stock,0.18367346938775508
A,0.3608164090128322,0.5207552497147244,In Stock,0.7551020408163265
Unknown,0.6108921895523896,0.5207552497147244,In Stock,0.8775510204081632
D,0.10488026674749924,0.11389822172017605,In Stock,0.7755102040816326
A,0.17692229968677378,0.40335357712881703,In Stock,0.18367346938775508
Unknown,0.1984439729210872,0.5207552497147244,In Stock,0.7346938775510203
Unknown,0.2789734262907952,0.48650482244850335,In Stock,0.8163265306122448
D,0.015358189350308174,0.7840819128374824,In Stock,0.5102040816326531
Unknown,0.9520056582802869,0.21465047992272307,In Stock,0.08163265306122448
Unknown,0.6965747196120036,0.5207552497147244,Out of Stock,0.7346938775510203
Unknown,0.8158027685157118,0.6290605811574503,Out of Stock,0.9183673469387754
Unknown,0.14499343235323836,0.04204432224403165,In Stock,0.44897959183673464
D,0.37071839951500457,0.5207552497147244,In Stock,0.6122448979591836
Unknown,0.7944831767202182,0.5134743504816125,Out of Stock,0.18367346938775508
Unknown,0.43669798928968373,0.9987928519380841,In Stock,0.836734693877551
B,0.46892997878144893,0.5207552497147244,Out of Stock,0.6122448979591836
Unknown,0.972719005759321,0.1839008786431981,In Stock,0.673469387755102
Unknown,0.22350207133474792,0.48781928755313053,Out of Stock,0.6938775510204082
Unknown,0.26785894715570374,0.994679233547657,In Stock,0.9387755102040816
Unknown,0.20036374658987574,0.5207552497147244,In Stock,0.7551020408163265
Unknown,0.04900474891381227,0.5207552497147244,In Stock,0.3061224489795918
Unknown,0.4945438011518642,0.5207552497147244,Out of Stock,0.5714285714285714
B,0.6408002424977265,0.5207552497147244,In Stock,0.8979591836734693
Unknown,0.12326967768010509,0.5207552497147244,In Stock,0.836734693877551
D,0.9832272405779529,0.5207552497147244,Out of Stock,0.5102040816326531
Unknown,0.04334646862685663,0.6912261797875936,In Stock,0.1020408163265306
Unknown,0.20723451550975044,0.5570373958986973,Out of Stock,0.9183673469387754
Unknown,0.5069212892795796,0.1934571612049476,Out of Stock,0.9795918367346939
Unknown,0.8613721329695867,0.15257166491463536,Out of Stock,0.5102040816326531
Unknown,0.019702940284934828,0.5207552497147244,Out of Stock,0.061224489795918366
Unknown,0.5379407901384258,0.5207552497147244,Out of Stock,0.44897959183673464
C,0.017277963019096697,0.10449589140398469,In Stock,0.08163265306122448
Unknown,0.30938668283318177,0.2141668132540001,In Stock,0.5102040816326531
D,0.3772860462766495,0.5207552497147244,In Stock,0.6326530612244897
C,0.08133777912498737,0.5207552497147244,In Stock,0.08163265306122448
Unknown,0.4945438011518642,0.5207552497147244,Out of Stock,0.5102040816326531
Unknown,0.08507628574315448,0.5207552497147244,In Stock,0.8979591836734693
Unknown,0.658381327675053,0.34771388539436077,In Stock,0.4897959183673469
Unknown,0.048297463877942814,0.12267037568421918,In Stock,0.7755102040816326
Unknown,0.7396180660806304,0.09716785578296239,In Stock,0.8163265306122448
C,0.8735980600181873,0.13186308895908144,In Stock,0.12244897959183673
Unknown,0.24492270384965142,0.5207552497147244,In Stock,0.3877551020408163
Unknown,0.21127614428614733,0.5207552497147244,In Stock,0.16326530612244897
Unknown,0.20602202687683138,0.11066287515914386,In Stock,0.7346938775510203
Unknown,0.8931999595837122,0.8394508674584841,Out of Stock,0.8775510204081632
D,0.3242396685864403,0.6953098595907301,Out of Stock,0.8571428571428571
Unknown,0.3535414772153178,0.5207552497147244,Out of Stock,0.2040816326530612
Unknown,0.2835202586642417,0.5207552497147244,Out of Stock,0.8775510204081632
B,0.9770637566939476,0.8470671623926985,In Stock,0.02040816326530612
Unknown,0.4901485298575326,0.38924722143309554,Out of Stock,0.26530612244897955
Unknown,0.35303627361826817,0.5207552497147244,In Stock,0.6122448979591836
Unknown,0.5524906537334545,0.05270233260696777,In Stock,0.4897959183673469
A,0.047489138122663435,0.5207552497147244,Out of Stock,0.5102040816326531
Unknown,0.03142366373648581,0.7191356930901026,Out of Stock,0.4897959183673469
Unknown,0.9443265636051328,0.5207552497147244,In Stock,0.6326530612244897
Unknown,0.1388299484692331,0.5711847804122384,In Stock,0.6530612244897959
D,0.6054359907042538,0.5207552497147244,In Stock,0.4081632653061224
Unknown,0.12710922501768213,0.5207552497147244,In Stock,0.7346938775510203
C,0.4596342325957361,0.5207552497147244,In Stock,0.5918367346938775
Unknown,0.2554309386682833,0.5207552497147244,In Stock,0.5918367346938775
C,0.26331211478225724,0.1484932222696836,In Stock,0.8163265306122448
C,0.6735374355865413,0.5207552497147244,In Stock,0.6938775510204082
D,0.09800949782762453,0.5207552497147244,Out of Stock,0.4081632653061224
A,0.5925027786197837,0.5207552497147244,In Stock,0.3061224489795918
Unknown,0.12680610285945237,0.14391943397086016,Out of Stock,0.9591836734693877
B,0.4633727392139032,0.003321680120948911,Out of Stock,0.7959183673469387
C,0.5085379407901384,0.09946134099696241,Out of Stock,0.8775510204081632
B,0.579266444377084,0.5207552497147244,In Stock,0.4081632653061224
Unknown,0.24118419723148432,0.5207552497147244,In Stock,0.8775510204081632
C,0.2757401232696777,0.7542615306264259,In Stock,0.6122448979591836
A,0.6271597453773871,0.5207552497147244,In Stock,0.6938775510204082
Unknown,0.0773971910680004,0.8622109078242742,In Stock,0.1020408163265306
Unknown,0.28786500959886835,0.5207552497147244,Out of Stock,0.7551020408163265
C,0.757098110538547,0.5207552497147244,In Stock,0.5510204081632653
Unknown,0.47216328180256645,0.24257958705353022,In Stock,0.2857142857142857
Unknown,0.3394968172173386,0.5207552497147244,Out of Stock,0.16326530612244897
C,0.5081337779124987,0.8095867638515862,In Stock,0.8163265306122448
Unknown,0.5109629180559765,0.5207552497147244,In Stock,0.6122448979591836
Unknown,0.08851167020309184,0.5207552497147244,Out of Stock,0.14285714285714285
B,0.6717187026371627,0.31014661908491425,In Stock,0.42857142857142855
Unknown,0.09427099120945741,0.7742094787979131,Out of Stock,0.14285714285714285
Unknown,0.9679700919470546,0.8728748503158613,In Stock,0.7346938775510203
B,0.9919167424472062,0.479301658035892,In Stock,0.08163265306122448
Unknown,0.5034859048196423,0.5207552497147244,Out of Stock,0.14285714285714285
A,0.13600080832575528,0.1445710300954514,In Stock,0.5714285714285714
Unknown,0.6269576639385672,0.989279972874174,Out of Stock,0.5102040816326531
Unknown,0.6061432757401233,0.8029393816002869,In Stock,0.0
D,0.6013943619278569,0.5207552497147244,Out of Stock,0.7346938775510203
Unknown,0.23320198039810044,0.5298322297150336,In Stock,0.5102040816326531
Unknown,0.2502778619783773,0.5207552497147244,Out of Stock,0.6938775510204082
D,0.5798726886935435,0.810769305706453,Out of Stock,0.3877551020408163
Unknown,0.4945438011518642,0.5207552497147244,In Stock,0.5102040816326531
Unknown,0.7294129534202283,0.9411121487052231,Out of Stock,0.5102040816326531
Unknown,0.1345862382540164,0.5207552497147244,In Stock,0.9387755102040816
C,0.4945438011518642,0.8513195476572587,In Stock,0.42857142857142855
C,0.15944225522885724,0.5207552497147244,In Stock,0.9387755102040816
B,0.09841366070526422,0.6185098225536539,Out of Stock,0.24489795918367346
Unknown,0.8760230372840254,0.5207552497147244,Out of Stock,0.12244897959183673
Unknown,0.6764676164494291,0.8242330287388845,In Stock,0.6530612244897959
Unknown,0.9847428513691017,0.893308888493305,Out of Stock,0.26530612244897955
Unknown,0.4326563605132869,0.8243009206999138,In Stock,0.1020408163265306
Unknown,0.8387390118217641,0.8556514373589023,In Stock,0.6122448979591836
Unknown,0.8264120440537536,0.5207552497147244,In Stock,0.3061224489795918
Unknown,0.8471253915327877,0.5207552497147244,In Stock,0.6938775510204082
Unknown,0.7860967970091947,0.6252574720231722,In Stock,0.44897959183673464
Unknown,0.9641305446094776,0.5207552497147244,Out of Stock,0.14285714285714285
A,0.2861473173688997,0.5207552497147244,Out of Stock,0.5102040816326531
D,0.8930989188643023,0.5207552497147244,In Stock,0.5102040816326531
D,0.723249469536223,0.5207552497147244,Out of Stock,0.42857142857142855
C,0.29150247549762554,0.30038516284800887,In Stock,0.6326530612244897
D,0.9650399110841669,0.5207552497147244,Out of Stock,0.5102040816326531
A,0.5147014246741436,0.704862739875987,In Stock,0.5306122448979591
Unknown,0.4964130544609478,0.8776997991180441,Out of Stock,0.26530612244897955
Unknown,0.06203900171769223,0.5207552497147244,In Stock,0.673469387755102
Unknown,0.4945438011518642,0.6774754374975434,In Stock,0.836734693877551
Unknown,0.6935434980297059,0.0589728789689663,In Stock,0.4897959183673469
Unknown,0.3962817015257149,0.5207552497147244,In Stock,0.7142857142857142
Unknown,0.785692634131555,0.5797031976372097,In Stock,0.061224489795918366
A,0.4945438011518642,0.4503773426530815,In Stock,0.12244897959183673
Unknown,0.7967060725472365,0.5207552497147244,In Stock,0.7959183673469387
Unknown,0.6169546327169849,0.7645320362728832,In Stock,0.8979591836734693
Unknown,0.7747802364352834,0.5207552497147244,In Stock,0.8979591836734693
Unknown,0.7294129534202283,0.613777482651256,In Stock,0.5102040816326531
B,0.938870364756997,0.23564470107376706,In Stock,0.9591836734693877
Unknown,0.13175709811053857,0.5561906786176878,Out of Stock,0.26530612244897955
C,0.17874103263615237,0.5207552497147244,Out of Stock,0.5918367346938775
Unknown,0.12589673638476306,0.5207552497147244,In Stock,0.36734693877551017
Unknown,0.8459129028998686,0.7472130432997393,Out of Stock,0.7142857142857142
Unknown,0.1010407194099222,0.9144872365613287,Out of Stock,0.5918367346938775
Unknown,0.606547438617763,0.5207552497147244,Out of Stock,0.7142857142857142
Unknown,0.5754268970395069,0.027037783305956686,In Stock,0.7142857142857142
Unknown,0.8762251187228453,0.19353421009514366,In Stock,0.3877551020408163
Unknown,0.8532888754167929,0.5207552497147244,Out of Stock,0.9591836734693877
Unknown,0.07214307365868444,0.7028020776639788,Out of Stock,0.04081632653061224
B,0.7632615944225523,0.4455576144425042,In Stock,0.4081632653061224
Unknown,0.6581792462362331,0.5207552497147244,In Stock,0.14285714285714285
A,0.1411538850156613,0.5207552497147244,Out of Stock,0.7755102040816326
B,0.5954329594826715,0.5231030181321055,In Stock,0.36734693877551017
Unknown,0.293523289885824,0.5207552497147244,In Stock,0.14285714285714285
Unknown,0.021117510356673745,0.5207552497147244,In Stock,0.36734693877551017
Unknown,0.30413256542386585,0.5207552497147244,Out of Stock,0.3061224489795918
B,0.8222693745579468,0.6635532917654188,In Stock,0.9795918367346939
Unknown,0.4550874002222896,0.5207552497147244,In Stock,0.14285714285714285
B,0.32999898959280594,0.17226814488340259,In Stock,0.14285714285714285
B,0.9258361119531171,0.5207552497147244,In Stock,0.4897959183673469
B,0.6866727291098312,0.5207552497147244,In Stock,0.5102040816326531
D,0.029099727190057594,0.3820307862428026,In Stock,0.12244897959183673
A,0.3604122461351925,0.5207552497147244,Out of Stock,0.3469387755102041
B,0.9744366979892897,0.5207552497147244,Out of Stock,0.2857142857142857
Unknown,0.940284934828736,0.5207552497147244,In Stock,0.6326530612244897
Unknown,0.8831969283621299,0.5207552497147244,In Stock,0.04081632653061224
Unknown,0.4237647772052137,0.5207552497147244,In Stock,0.673469387755102
Unknown,0.40244518540972013,0.13809053868400856,In Stock,0.673469387755102
C,0.5931090229362432,0.5261465694310608,In Stock,0.5102040816326531
Unknown,0.5466302920076791,0.5207552497147244,Out of Stock,0.5306122448979591
C,0.3236334242699808,0.732074484615211,In Stock,0.1020408163265306
Unknown,0.7715469334141659,0.5669017668223805,In Stock,0.5510204081632653
Unknown,0.553298979488734,0.9642100162461295,In Stock,0.7346938775510203
Unknown,0.01283217136506012,0.5207552497147244,In Stock,0.061224489795918366
Unknown,0.43861776295847227,0.5403228420955446,In Stock,0.9795918367346939
Unknown,0.931090229362433,0.38500609180180556,In Stock,0.3469387755102041
Unknown,0.7659896938466202,0.6187374288709928,In Stock,0.9183673469387754
C,0.07628574315449126,0.5207552497147244,Out of Stock,0.1020408163265306
B,0.06062443164595332,0.30981891289230856,In Stock,0.9183673469387754
Unknown,0.4945438011518642,0.5207552497147244,Out of Stock,0.5102040816326531
A,0.5322825098514701,0.5207552497147244,In Stock,0.02040816326530612
B,0.5453167626553501,0.7800574264305619,Out of Stock,0.9795918367346939
D,0.8698595534000202,0.8085437278232929,In Stock,0.02040816326530612
Unknown,0.838941093260584,0.9070610993863856,In Stock,0.36734693877551017
Unknown,0.030009093664746897,0.5207552497147244,In Stock,0.36734693877551017
Unknown,0.3171668182277458,0.5207552497147244,In Stock,0.9591836734693877
Unknown,0.017277963019096697,0.5207552497147244,In Stock,0.1020408163265306
B,0.4306355461250884,0.6231000221761068,Out of Stock,0.7142857142857142
Unknown,0.6519147216328179,0.9758931226178645,Out of Stock,0.7959183673469387
Unknown,0.9567545720925532,0.5207552497147244,In Stock,0.061224489795918366
Unknown,0.06769728200464786,0.5207552497147244,Out of Stock,0.8775510204081632
Unknown,0.4945438011518642,0.5207552497147244,In Stock,0.02040816326530612
Unknown,0.9682732141052844,0.2729498522647795,In Stock,0.836734693877551
Unknown,0.946650500151561,0.5207552497147244,In Stock,0.7551020408163265
Unknown,0.8498534909568556,0.15863057978246536,In Stock,0.061224489795918366
Unknown,0.8755178336869758,0.5207552497147244,Out of Stock,0.7755102040816326
A,0.45700717389107814,0.6680355156471233,In Stock,0.5102040816326531
Unknown,0.38203496008891585,0.7331703309174145,In Stock,0.673469387755102
A,0.523289885823987,0.2855386622690588,In Stock,0.836734693877551
Unknown,0.1175103566737395,0.865558562991832,In Stock,0.14285714285714285
A,0.5114681216530261,0.5207552497147244,In Stock,0.7755102040816326
Unknown,0.16954632716984946,0.30048068521901317,In Stock,0.7346938775510203
Unknown,0.29503890067697286,0.8012327889824377,Out of Stock,0.32653061224489793
B,0.5838132767505304,0.5207552497147244,In Stock,0.8775510204081632
Unknown,0.3030211175103567,0.5207552497147244,In Stock,0.7142857142857142
Unknown,0.2921087198140851,0.5207552497147244,In Stock,0.16326530612244897
Unknown,0.7618470243508133,0.5207552497147244,In Stock,0.9183673469387754
Unknown,0.759624128523795,0.43984680242670415,In Stock,0.4693877551020408
Unknown,0.7990300090936647,0.5207552497147244,Out of Stock,0.5306122448979591
Unknown,0.8478326765686571,0.5207552497147244,In Stock,0.2857142857142857
Unknown,0.8967363847630595,0.8876877569888907,In Stock,0.9999999999999999
Unknown,0.563605132868546,0.10428447428433946,In Stock,0.7959183673469387
D,0.9532181469132059,0.5207552497147244,In Stock,0.673469387755102
D,0.7788218652116803,0.12025350276773578,In Stock,0.7755102040816326
D,0.6068505607759926,0.3688069847495149,In Stock,0.2040816326530612
Unknown,0.9621097302212791,0.5207552497147244,In Stock,0.5102040816326531
B,0.20814388198443973,0.5207552497147244,In Stock,0.7755102040816326
Unknown,0.016267555824997476,0.9135584359626269,Out of Stock,0.5102040816326531
Unknown,0.697282004647873,0.23257746502387822,In Stock,0.3877551020408163
Unknown,0.5556229160351621,0.5207552497147244,In Stock,0.6530612244897959
A,0.24815600687076894,0.5207552497147244,Out of Stock,0.673469387755102
C,0.3762756390825503,0.7056521990846352,In Stock,0.8775510204081632
Unknown,0.398706678791553,0.5207552497147244,Out of Stock,0.5918367346938775
Unknown,0.38355057088006467,0.006678237587662117,Out of Stock,0.36734693877551017
D,0.05486511063958776,0.36388082183391657,In Stock,0.8571428571428571
Unknown,0.34899464484187126,0.5207552497147244,In Stock,0.6122448979591836
Unknown,0.39981812670506217,0.5207552497147244,Out of Stock,0.7346938775510203
Unknown,0.8309588764272001,0.08457726544469418,In Stock,0.5102040816326531
D,0.10922501768212589,0.4366939217791005,Out of Stock,0.8775510204081632
Unknown,0.5921996564615539,0.5207552497147244,In Stock,0.36734693877551017
B,0.5932100636556532,0.43779093951483106,In Stock,0.8571428571428571
Unknown,0.9015863392947358,0.5207552497147244,In Stock,0.5510204081632653
D,0.46357482065272304,0.26561408234229,In Stock,0.26530612244897955
Unknown,0.4945438011518642,0.5207552497147244,In Stock,0.4897959183673469
D,0.2416894008285339,0.655321111224332,Out of Stock,0.5102040816326531
Unknown,0.8627867030413257,0.4122122191954751,In Stock,0.836734693877551
C,0.3772860462766495,0.5207552497147244,In Stock,0.673469387755102
Unknown,0.020309184601394366,0.5207552497147244,In Stock,0.44897959183673464
Unknown,0.053147418409619084,0.5207552497147244,Out of Stock,0.4897959183673469
Unknown,0.19238152975649186,0.989568366450373,In Stock,0.18367346938775508
B,0.5186420127311306,0.2058973961092888,Out of Stock,0.22448979591836732
Unknown,0.5304637769020915,0.7331897993467267,In Stock,0.18367346938775508
Unknown,0.42103667778114584,0.5207552497147244,In Stock,0.5306122448979591
A,0.5267252702839244,0.2906905136016048,In Stock,0.9999999999999999
Unknown,0.4241689400828534,0.5207552497147244,Out of Stock,0.4693877551020408
Unknown,0.4945438011518642,0.8899080968386938,In Stock,0.5510204081632653
A,0.4770132363342427,0.5207552497147244,In Stock,0.7142857142857142
Unknown,0.7257754875214711,0.5207552497147244,In Stock,0.18367346938775508
A,0.20086895018692535,0.5207552497147244,Out of Stock,0.08163265306122448
Unknown,0.6987976154390219,0.5207552497147244,In Stock,0.4081632653061224
B,0.9603920379913105,0.9479612838222872,In Stock,0.2040816326530612
B,0.3108012529049207,0.7919073522357908,In Stock,0.4081632653061224
B,0.12892795796706075,0.9531917162939839,In Stock,0.8571428571428571
D,0.23916338284328587,0.5207552497147244,In Stock,0.9591836734693877
A,0.19713044356875822,0.5796042321880368,In Stock,0.5102040816326531
Unknown,0.9444276043245428,0.5207552497147244,In Stock,0.24489795918367346
B,0.7549762554309386,0.8999241034606208,Out of Stock,0.5714285714285714
B,0.2553298979488734,0.5207552497147244,In Stock,0.5714285714285714
Unknown,0.9438213600080833,0.8580193012537319,In Stock,0.32653061224489793
C,0.914115388501566,0.5207552497147244,Out of Stock,0.6122448979591836
D,0.4945438011518642,0.5207552497147244,In Stock,0.0
Unknown,0.8091340810346569,0.5207552497147244,Out of Stock,0.24489795918367346
Unknown,0.49499848438920885,0.5280812226660877,Out of Stock,0.12244897959183673
Unknown,0.4893402041022532,0.5259281769062023,In Stock,0.5510204081632653
A,0.5014650904314438,0.5207552497147244,Out of Stock,0.5102040816326531
B,0.13367687177932708,0.6873009307817498,In Stock,0.8163265306122448
A,0.8701626755582499,0.763863572751854,In Stock,0.5102040816326531
Unknown,0.9964635748206527,0.5207552497147244,In Stock,0.7346938775510203
A,0.7217338587450742,0.731912639822574,In Stock,0.2857142857142857
Unknown,0.14054764069920178,0.7255515758081659,Out of Stock,0.36734693877551017
D,0.5637061735879559,0.9325102222127392,Out of Stock,0.7959183673469387
Unknown,0.060220268768313635,0.5207552497147244,Out of Stock,0.16326530612244897
Unknown,0.809033040315247,0.5207552497147244,In Stock,0.8163265306122448
Unknown,0.1387289077498232,0.5207552497147244,Out of Stock,0.061224489795918366
Unknown,0.00010104071940992242,0.5207552497147244,In Stock,0.32653061224489793
C,0.5302616954632716,0.8524912705585522,Out of Stock,0.5510204081632653
Unknown,0.42861473173688996,0.7899455065610296,In Stock,0.24489795918367346
B,0.6177629584722643,0.7217592723674605,Out of Stock,0.2040816326530612
B,0.7384055774477114,0.5207552497147244,Out of Stock,0.22448979591836732
Unknown,0.08143881984439728,0.5207552497147244,In Stock,0.24489795918367346
Unknown,0.5907850863898151,0.5207552497147244,In Stock,0.6530612244897959
Unknown,0.4290188946145297,0.9583352799014818,In Stock,0.7551020408163265
Unknown,0.23471759118924929,0.06998957993199445,In Stock,0.6938775510204082
D,0.6664645852278468,0.5207552497147244,In Stock,0.5102040816326531
Unknown,0.18682429018894617,0.07072463369715282,Out of Stock,0.7755102040816326
C,0.8283318177225422,0.08656473316688246,In Stock,0.5918367346938775
Unknown,0.38254016368596544,0.5097732894222496,In Stock,0.4081632653061224
C,0.39436192785692636,0.2567037294076694,Out of Stock,0.8163265306122448
A,0.9853490956855613,0.4238752158234521,Out of Stock,0.061224489795918366
Unknown,0.09720117207234515,0.5207552497147244,In Stock,0.2857142857142857
B,0.8584419521066989,0.7681004505450645,Out of Stock,0.5918367346938775
Unknown,0.6177629584722643,0.5207552497147244,In Stock,0.2857142857142857
Unknown,0.47226432252197637,0.7202230285163981,In Stock,0.7346938775510203
Unknown,0.17722542184500356,0.21015810686658482,Out of Stock,0.6326530612244897
D,0.34889360412246134,0.057097253554932004,In Stock,0.5102040816326531
Unknown,0.2531070021218551,0.5207552497147244,In Stock,0.42857142857142855
Unknown,0.4945438011518642,0.5207552497147244,Out of Stock,0.5102040816326531
C,0.7093058502576538,0.5207552497147244,In Stock,0.02040816326530612
Unknown,0.6515105587551783,0.11256809564451908,Out of Stock,0.4693877551020408
C,0.12771546933414166,0.928496880405206,In Stock,0.7755102040816326
C,0.705163180761847,0.5207552497147244,In Stock,0.4897959183673469
Unknown,0.04799434171971305,0.5207552497147244,In Stock,0.4081632653061224
Unknown,0.8925937152672526,0.2336759772147644,In Stock,0.26530612244897955
Unknown,0.0728503586945539,0.023501668242977336,In Stock,0.8979591836734693
C,0.33909265433969893,0.5207552497147244,In Stock,0.12244897959183673
A,0.9851470142467414,0.2560578511801683,Out of Stock,0.5306122448979591
Unknown,0.8378296453470748,0.5207552497147244,Out of Stock,0.24489795918367346
B,0.5534000202081438,0.5207552497147244,Out of Stock,0.5102040816326531
Unknown,0.666262503789027,0.5207552497147244,In Stock,0.0
Unknown,0.9028998686470647,0.6986013765703823,Out of Stock,0.9999999999999999
B,0.5529958573305042,0.708019080482109,In Stock,0.5714285714285714
C,0.2861473173688997,0.5207552497147244,In Stock,0.5714285714285714
Unknown,0.4855006567646762,0.5207552497147244,Out of Stock,0.5102040816326531
Unknown,0.22804890370819442,0.05863298119121185,Out of Stock,0.5102040816326531
B,0.29928261089218955,0.4939014064284405,In Stock,0.26530612244897955
Unknown,0.9686773769829241,0.7249144017932599,In Stock,0.9591836734693877
C,0.2945336970799232,0.5998812906102191,In Stock,0.9591836734693877
Unknown,0.10952813984035566,0.5539165102685548,Out of Stock,0.7755102040816326
Unknown,0.4945438011518642,0.2617699608492504,Out of Stock,0.16326530612244897
Unknown,0.05001515610791149,0.6983555013232321,In Stock,0.9591836734693877
Unknown,0.9164393250479943,0.5207552497147244,In Stock,0.5102040816326531
A,0.5799737294129533,0.5207552497147244,Out of Stock,0.8163265306122448
Unknown,0.9690815398605638,0.44033489892626354,In Stock,0.9591836734693877
Unknown,0.2705870465797717,0.5207552497147244,In Stock,0.5102040816326531
Unknown,0.10690108113569768,0.8084266770608498,In Stock,0.5102040816326531
Unknown,0.4945438011518642,0.5315612844918931,In Stock,0.5102040816326531
Unknown,0.2294634737799333,0.5207552497147244,Out of Stock,0.2040816326530612
B,0.8463170657775083,0.5207552497147244,In Stock,0.7755102040816326
Unknown,0.2811963221178135,0.5733205694996008,In Stock,0.08163265306122448
Unknown,0.17874103263615237,0.42494105651986,Out of Stock,0.5510204081632653
D,0.9800949782762453,0.5207552497147244,In Stock,0.7346938775510203
Unknown,0.9092654339698898,0.5207552497147244,Out of Stock,0.02040816326530612
Unknown,0.8057997372941295,0.5279193519574727,Out of Stock,0.4081632653061224
Unknown,0.07840759826209963,0.5207552497147244,In Stock,0.2040816326530612
Unknown,0.4413458623825402,0.5207552497147244,In Stock,0.9999999999999999
Unknown,0.989491765181368,0.647482998881377,In Stock,0.1020408163265306
Unknown,0.13115085379407904,0.7829670572414816,In Stock,0.5102040816326531
A,0.014347782156208954,0.31610624805668264,In Stock,0.08163265306122448
Unknown,0.7219359401838941,0.5207552497147244,Out of Stock,0.32653061224489793
Unknown,0.07658886531272102,0.9417345870721788,In Stock,0.36734693877551017
Unknown,0.9069414974234616,0.5503551544101227,In Stock,0.6122448979591836
A,0.99979791856118,0.5207552497147244,In Stock,0.5510204081632653
Unknown,0.9958573305041931,0.7912453197654218,In Stock,0.02040816326530612
Unknown,0.383146408002425,0.5207552497147244,In Stock,0.3061224489795918
D,0.5859351318581388,0.5828736491279011,In Stock,0.6326530612244897
Unknown,0.1661109427099121,0.5207552497147244,In Stock,0.6938775510204082
C,0.6988986561584318,0.32555468800554865,In Stock,0.836734693877551
Unknown,0.42578559159341217,0.5207552497147244,Out of Stock,0.22448979591836732
B,0.29473577851874305,0.6089265075357185,In Stock,0.8979591836734693
Unknown,0.18146913206022028,0.015418862740987027,Out of Stock,0.0
D,0.39810043447509347,0.4818810489691252,Out of Stock,0.7142857142857142
B,0.4945438011518642,0.09423000930234454,In Stock,0.7142857142857142
Unknown,0.37435586541376176,0.4473730145386259,Out of Stock,0.3061224489795918
Unknown,0.17874103263615237,0.5891660503415839,In Stock,0.8775510204081632
D,0.5800747701323633,0.5207552497147244,Out of Stock,0.4897959183673469
Unknown,0.2384560978074164,0.28573788336364003,Out of Stock,0.5102040816326531
Unknown,0.5626957663938567,0.5207552497147244,Out of Stock,0.7142857142857142
Unknown,0.20824492270384967,0.5207552497147244,In Stock,0.04081632653061224
B,0.003940588056986966,0.2611088030396971,In Stock,0.3061224489795918
Unknown,0.5214711528746084,0.5207552497147244,In Stock,0.2040816326530612
C,0.302616954632717,0.5207552497147244,Out of Stock,0.5714285714285714
Unknown,0.6871779327068809,0.5207552497147244,Out of Stock,0.24489795918367346
Unknown,0.8501566131150854,0.6365590339670181,In Stock,0.22448979591836732
Unknown,0.41477215317773064,0.07971486521890264,Out of Stock,0.061224489795918366
Unknown,0.9594826715166211,0.675107886715783,In Stock,0.14285714285714285
Unknown,0.9790845710821461,0.1857845844673378,Out of Stock,0.5306122448979591
C,0.23855713852682633,0.48689341050532176,In Stock,0.9183673469387754
B,0.6063453571789431,0.15445826802606666,Out of Stock,0.9183673469387754
Unknown,0.49156309992927155,0.36729493787912915,In Stock,0.836734693877551
Unknown,0.8861271092250177,0.332293957123279,In Stock,0.26530612244897955
Unknown,0.9763564716580782,0.5207552497147244,In Stock,0.3877551020408163
Unknown,0.9647367889259371,0.5207552497147244,In Stock,0.4897959183673469
Unknown,0.14054764069920178,0.5207552497147244,Out of Stock,0.7346938775510203
Unknown,0.1374153783974942,0.5207552497147244,In Stock,0.0
Unknown,0.2566434273012024,0.5207552497147244,In Stock,0.4693877551020408
Unknown,0.7548752147115287,0.8729570831067804,Out of Stock,0.44897959183673464
Unknown,0.37213296958674347,0.0961977038360991,In Stock,0.04081632653061224
Unknown,0.7405274325553197,0.3055824773502831,Out of Stock,0.2040816326530612
A,0.3822370415277357,0.5207552497147244,In Stock,0.02040816326530612
Unknown,0.4945438011518642,0.5207552497147244,Out of Stock,0.08163265306122448
Unknown,0.19723148428816814,0.755566264935778,In Stock,0.04081632653061224
Unknown,0.22148125694654947,0.5207552497147244,In Stock,0.02040816326530612
Unknown,0.5607759927250682,0.5207552497147244,Out of Stock,0.08163265306122448
C,0.4411437809437203,0.5207552497147244,In Stock,0.8163265306122448
A,0.4808527836718198,0.3487129299900982,In Stock,0.2857142857142857
Unknown,0.8494493280792159,0.5207552497147244,In Stock,0.6530612244897959
Unknown,0.4945438011518642,0.15188552726303312,In Stock,0.2857142857142857
Unknown,0.011215519854501364,0.07729246474339457,In Stock,0.6122448979591836
D,0.6264524603415176,0.5207552497147244,Out of Stock,0.8163265306122448
Unknown,0.45438011518642013,0.4266602110318568,In Stock,0.32653061224489793
Unknown,0.09619076487824593,0.5207552497147244,In Stock,0.3469387755102041
B,0.6394867131453975,0.5207552497147244,In Stock,0.08163265306122448
Unknown,0.6400929574618571,0.2559643699919646,In Stock,0.673469387755102
C,0.8118621804587248,0.5207552497147244,Out of Stock,0.02040816326530612
Unknown,0.2862483580883096,0.5207552497147244,In Stock,0.2040816326530612
C,0.5224815600687076,0.3535556919340348,In Stock,0.2040816326530612
Unknown,0.40163685965444074,0.5207552497147244,Out of Stock,0.32653061224489793
Unknown,0.3317166818227746,0.5207552497147244,In Stock,0.6326530612244897
Unknown,0.6103869859553399,0.5207552497147244,In Stock,0.22448979591836732
Unknown,0.41254925735071235,0.5207552497147244,In Stock,0.26530612244897955
Unknown,0.4910578963322219,0.5303931638985644,Out of Stock,0.9387755102040816
Unknown,0.22623017075881582,0.5207552497147244,In Stock,0.3877551020408163
D,0.388299484692331,0.21852686320072862,In Stock,0.7346938775510203
Unknown,0.27321410528442963,0.5233744573807858,Out of Stock,0.5714285714285714
D,0.6016974840860867,0.9265910423227491,In Stock,0.9795918367346939
Unknown,0.9001717692229968,0.5207552497147244,In Stock,0.5102040816326531
Unknown,0.39163382843285843,0.3532437925421389,In Stock,0.6530612244897959
Unknown,0.16217035465292515,0.5207552497147244,In Stock,0.5102040816326531
Unknown,0.07608366171567141,0.5207552497147244,Out of Stock,0.14285714285714285
Unknown,0.11892492674547843,0.9925831550619698,Out of Stock,0.7346938775510203
Unknown,0.8692533090835607,0.9754797595517469,In Stock,0.4693877551020408
Unknown,0.7290087905425886,0.03992721760539614,In Stock,0.0
Unknown,0.9972719005759321,0.5207552497147244,Out of Stock,0.3061224489795918
Unknown,0.41345862382540166,0.5207552497147244,Out of Stock,0.7346938775510203
Unknown,0.1060927553804183,0.5207552497147244,Out of Stock,0.5102040816326531
Unknown,0.10639587753864807,0.5207552497147244,In Stock,0.7755102040816326
C,0.7373951702536121,0.44873765253064635,In Stock,0.36734693877551017
B,0.11508537940790138,0.6823868244696875,In Stock,0.18367346938775508
Unknown,0.47206224108315653,0.32790062230228734,Out of Stock,0.2857142857142857
Unknown,0.9787814489239163,0.7452308061116498,In Stock,0.2857142857142857
B,0.6874810548651106,0.5207552497147244,Out of Stock,0.836734693877551
Unknown,0.533596039203799,0.5236478110137713,In Stock,0.5510204081632653
Unknown,0.7698292411841972,0.9938183000280764,Out of Stock,0.6938775510204082
C,0.4945438011518642,0.07582293844231403,Out of Stock,0.14285714285714285
Unknown,0.47357785187430534,0.5207552497147244,Out of Stock,0.0
D,0.4945438011518642,0.5207552497147244,In Stock,0.8163265306122448
Unknown,0.379205819945438,0.5207552497147244,Out of Stock,0.9387755102040816
B,0.16115994745882592,0.5207552497147244,In Stock,0.08163265306122448
Unknown,0.3157522481560069,0.5207552497147244,Out of Stock,0.8571428571428571
A,0.846822269374558,0.5207552497147244,In Stock,0.5102040816326531
Unknown,0.05910882085480449,0.19706658565538948,In Stock,0.5102040816326531
Unknown,0.8053955744164898,0.5207552497147244,Out of Stock,0.08163265306122448
A,0.7252702839244215,0.2885435586226931,Out of Stock,0.4693877551020408
Unknown,0.10326361523694048,0.07437935227184816,In Stock,0.5918367346938775
Unknown,0.43619278569263414,0.5207552497147244,In Stock,0.26530612244897955
Unknown,0.8880468828938062,0.5207552497147244,In Stock,0.7551020408163265
B,0.01465090431443872,0.6882083691603496,In Stock,0.2040816326530612
Unknown,0.9317975143983025,0.5066894510639862,Out of Stock,0.7551020408163265
Unknown,0.48529857532585635,0.12513395569150348,In Stock,0.14285714285714285
Unknown,0.7581085177326462,0.5207552497147244,Out of Stock,0.08163265306122448
D,0.1146812165302617,0.06977513869412982,In Stock,0.8979591836734693
D,0.3938567242598767,0.8741378028116843,In Stock,0.5102040816326531
D,0.5745175305648176,0.7355113821212452,In Stock,0.7551020408163265
B,0.7329493785995755,0.2051875871477853,In Stock,0.22448979591836732
Unknown,0.09689804991411538,0.800946849735766,Out of Stock,0.16326530612244897
Unknown,0.22228958270182886,0.5207552497147244,In Stock,0.16326530612244897
Unknown,0.5589572597756896,0.5207552497147244,Out of Stock,0.9387755102040816
Unknown,0.7269879761543901,0.5207552497147244,In Stock,0.08163265306122448
Unknown,0.5158128725876527,0.9001016829152605,Out of Stock,0.061224489795918366
Unknown,0.04637769020915429,0.05380245646052534,In Stock,0.5102040816326531
Unknown,0.0828533899161362,0.5207552497147244,Out of Stock,0.5102040816326531
Unknown,0.631201374153784,0.6834678618108417,Out of Stock,0.5102040816326531
D,0.7696271597453773,0.238916884507348,In Stock,0.7959183673469387
Unknown,0.008487420430433464,0.7972417188653355,In Stock,0.4897959183673469
Unknown,0.2898858239870668,0.1655228653011584,In Stock,0.2040816326530612
Unknown,0.44387188036778824,0.5207552497147244,In Stock,0.08163265306122448
Unknown,0.5627968071132666,0.538423257679725,In Stock,0.5510204081632653
Unknown,0.7461857128422754,0.5207552497147244,In Stock,0.42857142857142855
D,0.8979488733959785,0.5207552497147244,In Stock,0.12244897959183673
Unknown,0.03849651409518036,0.9870490535794817,In Stock,0.6530612244897959
Unknown,0.6676770738607658,0.19781504349857137,Out of Stock,0.5510204081632653
C,0.15994745882590686,0.5207552497147244,In Stock,0.12244897959183673
Unknown,0.59735273315146,0.5207552497147244,Out of Stock,0.2857142857142857
A,0.5212690714357886,0.8320861367566713,Out of Stock,0.24489795918367346
C,0.34141659088612714,0.510665307438476,In Stock,0.5306122448979591
B,0.6050318278266141,0.5207552497147244,In Stock,0.42857142857142855
C,0.957057694250783,0.5207552497147244,In Stock,0.9183673469387754
Unknown,0.9459432151156916,0.24412539555376722,Out of Stock,0.8163265306122448
Unknown,0.3002930180862888,0.016046260675852575,In Stock,0.6938775510204082
Unknown,0.5629988885520865,0.03195410400363036,In Stock,0.9999999999999999
Unknown,0.21915732040012126,0.1497664256901058,Out of Stock,0.4081632653061224
Unknown,0.02475497625543094,0.5207552497147244,In Stock,0.836734693877551
Unknown,0.4794382136000808,0.4308372045971196,In Stock,0.061224489795918366
Unknown,0.022936243306052338,0.8870908069854645,In Stock,0.9795918367346939
A,0.7121349904011316,0.49460728568914303,In Stock,0.24489795918367346
Unknown,0.845306658583409,0.5207552497147244,In Stock,0.4897959183673469
Unknown,0.97403253511165,0.8433943657240327,Out of Stock,0.4081632653061224
B,0.2583611195311711,0.9232398059858985,In Stock,0.6530612244897959
C,0.23178741032636155,0.39354592720840476,In Stock,0.0
Unknown,0.04304334646862686,0.5207552497147244,In Stock,0.3469387755102041
Unknown,0.1742952409821158,0.5207552497147244,Out of Stock,0.7551020408163265
A,0.4327574012326968,0.47629212634181106,In Stock,0.04081632653061224
C,0.6541376174598362,0.5207552497147244,In Stock,0.4693877551020408
Unknown,0.27472971607557845,0.15417433332793695,In Stock,0.2857142857142857
C,0.4945438011518642,0.5207552497147244,In Stock,0.6530612244897959
Unknown,0.6779832272405779,0.5207552497147244,In Stock,0.5306122448979591
A,0.8742043043346468,0.5207552497147244,In Stock,0.14285714285714285
Unknown,0.502677579064363,0.5207552497147244,In Stock,0.2040816326530612
Unknown,0.4115388501566131,0.5207552497147244,In Stock,0.16326530612244897
Unknown,0.8324744872183489,0.008029757330966392,In Stock,0.3061224489795918
Unknown,0.6098817823582904,0.5207552497147244,In Stock,0.36734693877551017
Unknown,0.18904718601596446,0.5207552497147244,In Stock,0.12244897959183673
Unknown,0.7328483378801657,0.3634928990703086,Out of Stock,0.1020408163265306
B,0.08123673840557745,0.31366439598887597,Out of Stock,0.5102040816326531
D,0.8767303223198949,0.5207552497147244,In Stock,0.5306122448979591
Unknown,0.002222895827018288,0.5207552497147244,In Stock,0.3877551020408163
Unknown,0.5361220571890472,0.6935473410530176,Out of Stock,0.3877551020408163
C,0.44447812468424774,0.3239468418708652,In Stock,0.5102040816326531
D,0.7023340406183691,0.8370359027826441,In Stock,0.6326530612244897
Unknown,0.3686975851268061,0.9560653776566311,In Stock,0.5102040816326531
Unknown,0.9832272405779529,0.5207552497147244,In Stock,0.5306122448979591
A,0.8322724057795291,0.6398951482376772,In Stock,0.44897959183673464
C,0.18005456198848138,0.5207552497147244,In Stock,0.7755102040816326
D,0.6067495200565828,0.5207552497147244,In Stock,0.4897959183673469
C,0.11680307163787006,0.879516119867983,Out of Stock,0.7551020408163265
Unknown,0.4988380317267859,0.7544370144156959,In Stock,0.5714285714285714
Unknown,0.3002930180862888,0.6465864525175286,Out of Stock,0.4897959183673469
A,0.29483681923815297,0.5969371243314221,In Stock,0.5714285714285714
Unknown,0.21915732040012126,0.8697269157720738,In Stock,0.26530612244897955
A,0.054359907042538146,0.5207552497147244,In Stock,0.5306122448979591
C,0.1433767808426796,0.5207552497147244,In Stock,0.8571428571428571
Unknown,0.6846519147216328,0.43915661450429133,In Stock,0.3877551020408163
D,0.2598767303223199,0.5207552497147244,In Stock,0.5102040816326531
Unknown,0.08305547135495604,0.5207552497147244,In Stock,0.9999999999999999
Unknown,0.8047893301000303,0.6200983663413069,In Stock,0.4081632653061224
Unknown,0.4945438011518642,0.5207552497147244,In Stock,0.24489795918367346
C,0.6455491563099929,0.6632998830071561,Out of Stock,0.36734693877551017
D,0.5915934121450944,0.5207552497147244,In Stock,0.7142857142857142
Unknown,0.4945438011518642,0.5563212279998064,Out of Stock,0.8163265306122448
Unknown,0.4335657269879762,0.5207552497147244,Out of Stock,0.9795918367346939
D,0.016267555824997476,0.5207552497147244,Out of Stock,0.3877551020408163
Unknown,0.6273618268162069,0.8267115098889991,In Stock,0.04081632653061224
Unknown,0.07790239466505001,0.5207552497147244,Out of Stock,0.5102040816326531
D,0.5002526017985247,0.5207552497147244,Out of Stock,0.1020408163265306
Unknown,0.15550166717187028,0.5207552497147244,Out of Stock,0.836734693877551
Unknown,0.10488026674749924,0.5207552497147244,In Stock,0.8775510204081632
Unknown,0.16035162170354653,0.5207552497147244,In Stock,0.5714285714285714
A,0.5646155400626452,0.3828142206370847,In Stock,0.8571428571428571
Unknown,0.9243205011619683,0.26633788852980556,In Stock,0.04081632653061224
D,0.6632312822067292,0.5413497108971406,In Stock,0.7346938775510203
Unknown,0.206527230473881,0.12243036529296064,In Stock,0.5510204081632653
Unknown,0.9202788723855714,0.21113697476694565,In Stock,0.14285714285714285
Unknown,0.40426391835909875,0.274313001237777,In Stock,0.2857142857142857
Unknown,0.32322926139234115,0.5207552497147244,Out of Stock,0.061224489795918366
A,0.5351116499949479,0.48519791613188556,In Stock,0.6326530612244897
Unknown,0.7036475699706981,0.5207552497147244,In Stock,0.42857142857142855
Unknown,0.1966252399717086,0.779756469443953,In Stock,0.5102040816326531
D,0.03475800747701324,0.45370885271691475,Out of Stock,0.3469387755102041
B,0.8108517732646257,0.5207552497147244,Out of Stock,0.5306122448979591
Unknown,0.29402849348287363,0.009446562901041011,In Stock,0.24489795918367346
Unknown,0.564918662220875,0.5207552497147244,In Stock,0.3469387755102041
A,0.9451348893604122,0.056873788935267844,In Stock,0.8163265306122448
A,0.1748004445791654,0.5207552497147244,In Stock,0.5306122448979591
Unknown,0.7616449429119935,0.008905358377305661,Out of Stock,0.6938775510204082
Unknown,0.9980802263312114,0.5207552497147244,Out of Stock,0.02040816326530612
C,0.7486106901081135,0.5207552497147244,Out of Stock,0.673469387755102
Unknown,0.09326058401535818,0.5207552497147244,In Stock,0.1020408163265306
Unknown,0.5824997473982014,0.7836864799939439,In Stock,0.36734693877551017
Unknown,0.1823784985349096,0.5207552497147244,In Stock,0.32653061224489793
Unknown,0.2812973628372234,0.33798729854413945,In Stock,0.14285714285714285
Unknown,0.3668788521774275,0.5490249052028294,Out of Stock,0.44897959183673464
D,0.7260786096797008,0.5207552497147244,In Stock,0.16326530612244897
D,0.9384662018793574,0.18420390924322544,Out of Stock,0.08163265306122448
Unknown,0.9027988279276548,0.5207552497147244,Out of Stock,0.5102040816326531
Unknown,0.0,0.8673494244294909,Out of Stock,0.3877551020408163
A,0.048297463877942814,0.5207552497147244,In Stock,0.3469387755102041
Unknown,0.17863999191674246,0.01189207800368447,In Stock,0.3061224489795918
Unknown,0.9067394159846418,0.37550430528470413,In Stock,0.6938775510204082
Unknown,0.722036980903304,0.6440879451694804,In Stock,0.6938775510204082
Unknown,0.4336667677073861,0.4014827386649358,In Stock,0.6326530612244897
Unknown,0.5361220571890472,0.34473742532546314,In Stock,0.08163265306122448
Unknown,0.1556027078912802,0.5207552497147244,In Stock,0.26530612244897955
C,0.5411740931595432,0.2745024145092636,Out of Stock,0.5102040816326531
C,0.6350409214913609,0.9986220064359556,In Stock,0.5102040816326531
Unknown,0.9699909063352531,0.36261085264353277,In Stock,0.9795918367346939
Unknown,0.5287460846721228,0.38633927790143197,Out of Stock,0.5102040816326531
Unknown,0.7965039911084166,0.5207552497147244,Out of Stock,0.02040816326530612
Unknown,0.9786804082045064,0.030919882881768446,In Stock,0.8163265306122448
Unknown,0.127311306456502,0.5207552497147244,In Stock,0.3061224489795918
C,0.31555016671718705,0.5207552497147244,In Stock,0.5102040816326531
D,0.9172476508032736,0.715334113029223,In Stock,0.4693877551020408
Unknown,0.725977568960291,0.5207552497147244,In Stock,0.5510204081632653
Unknown,0.3622309790845711,0.482595035462278,Out of Stock,0.22448979591836732
C,0.20056582802869558,0.4120066247419625,In Stock,0.7551020408163265
Unknown,0.4945438011518642,0.9511916479203822,In Stock,0.8775510204081632
C,0.4702435081337779,0.15507251107942815,In Stock,0.5102040816326531
D,0.642821056885925,0.4644177969545056,In Stock,0.5102040816326531
D,0.18642012731130647,0.5207552497147244,In Stock,0.8571428571428571
A,0.7657876124078004,0.46863247222322013,In Stock,0.673469387755102
B,0.8749115893705163,0.5207552497147244,In Stock,0.18367346938775508
A,0.5482469435182378,0.5207552497147244,In Stock,0.7142857142857142
Unknown,0.2110740628473275,0.35379253103508934,In Stock,0.7551020408163265
Unknown,0.5616853591997575,0.5207552497147244,Out of Stock,0.061224489795918366
Unknown,0.07860967970091946,0.9714390326677905,In Stock,0.4897959183673469
B,0.07608366171567141,0.4560771186131344,In Stock,0.5102040816326531
Unknown,0.23421238759219967,0.5207552497147244,In Stock,0.5102040816326531
Unknown,0.2211781347883197,0.9858814927778331,In Stock,0.02040816326530612
Unknown,0.7196120036374659,0.7577764226407157,Out of Stock,0.836734693877551
A,0.4825704759017884,0.5207552497147244,Out of Stock,0.061224489795918366
D,0.10447610386985955,0.5207552497147244,In Stock,0.9591836734693877
Unknown,0.4945438011518642,0.6261084038618253,In Stock,0.2857142857142857
Unknown,0.7409315954329594,0.5207552497147244,In Stock,0.14285714285714285
Unknown,0.7785187430534505,0.9483173506045534,In Stock,0.9387755102040816
Unknown,0.8863291906638375,0.2738240220284278,Out of Stock,0.9795918367346939
Unknown,0.631100333434374,0.5207552497147244,In Stock,0.8163265306122448
Unknown,0.2508841062948368,0.5207552497147244,In Stock,0.8163265306122448
Unknown,0.8668283318177225,0.3969493335577873,Out of Stock,0.5714285714285714
Unknown,0.6322117813478831,0.5253476729708613,In Stock,0.3469387755102041
Unknown,0.8394462968576336,0.7394420166685534,In Stock,0.14285714285714285
Unknown,0.8954228554107305,0.4637244199634697,Out of Stock,0.5102040816326531
Unknown,0.4945438011518642,0.5207552497147244,Out of Stock,0.5102040816326531
Unknown,0.18045872486612105,0.5207552497147244,In Stock,0.7551020408163265
Unknown,0.6070526422148125,0.5207552497147244,Out of Stock,0.8775510204081632
Unknown,0.34596342325957363,0.5207552497147244,In Stock,0.16326530612244897
Unknown,0.7170859856522178,0.38367952690406903,In Stock,0.8571428571428571
Unknown,0.9434171971304436,0.5207552497147244,In Stock,0.6530612244897959
Unknown,0.5046983934525613,0.24703718364807697,In Stock,0.836734693877551
Unknown,0.801151864201273,0.756832334317663,In Stock,0.9795918367346939
Unknown,0.2124886329190664,0.06503174727898292,In Stock,0.5102040816326531
Unknown,0.31706577750833587,0.4665461606444141,In Stock,0.16326530612244897
B,0.3193897140547641,0.5207552497147244,Out of Stock,0.6122448979591836
Unknown,0.12326967768010509,0.1479071396822893,In Stock,0.4897959183673469
Unknown,0.31918763261594424,0.5207552497147244,In Stock,0.7346938775510203
Unknown,0.9386682833181772,0.5207552497147244,In Stock,0.14285714285714285
Unknown,0.3769829241184197,0.7165902640837916,In Stock,0.9795918367346939
Unknown,0.4945438011518642,0.6789311873303505,In Stock,0.7551020408163265
Unknown,0.1879357381024553,0.22073502513469023,In Stock,0.5102040816326531
Unknown,0.21865211680307164,0.38353220957853895,In Stock,0.12244897959183673
Unknown,0.8878448014549863,0.5925419184271915,In Stock,0.14285714285714285
Unknown,0.01697484086086693,0.8968154609398716,In Stock,0.32653061224489793
C,0.31615641103364656,0.9246962163262645,In Stock,0.8979591836734693
D,0.08881479236132162,0.24983130396374076,In Stock,0.36734693877551017
Unknown,0.8641002323936546,0.5207552497147244,In Stock,0.9183673469387754
Unknown,0.11629786804082044,0.5207552497147244,In Stock,0.4081632653061224
Unknown,0.07295139941396382,0.01702163357023473,In Stock,0.08163265306122448
Unknown,0.3572799838334849,0.2873355982900352,In Stock,0.2857142857142857
Unknown,0.06446397898353036,0.5207552497147244,In Stock,0.9999999999999999
D,0.3704152773567748,0.06589615846968194,In Stock,0.8163265306122448
Unknown,0.9177528544003233,0.5207552497147244,Out of Stock,0.18367346938775508
Unknown,0.6336263514196221,0.9023995926495477,Out of Stock,0.5306122448979591
C,0.2329998989592806,0.5207552497147244,Out of Stock,0.9795918367346939
A,0.6967768010508234,0.9665691575373331,In Stock,0.32653061224489793
Unknown,0.1992522986763666,0.581318560973541,Out of Stock,0.5510204081632653
Unknown,0.7508335859351318,0.5207552497147244,In Stock,0.5102040816326531
Unknown,0.010508234818631909,0.5207552497147244,Out of Stock,0.4897959183673469
A,0.4672122865514803,0.7775600449532082,Out of Stock,0.8979591836734693
Unknown,0.5740123269677679,0.8986521578464813,In Stock,0.3469387755102041
Unknown,0.14731736889966657,0.7340085698235482,Out of Stock,0.6326530612244897
A,0.9918157017277962,0.02966932314117826,In Stock,0.8163265306122448
Unknown,0.19480650702233002,0.6915446969609073,In Stock,0.32653061224489793
D,0.36809134081034656,0.5207552497147244,In Stock,0.5102040816326531
Unknown,0.4847933717288067,0.5207552497147244,In Stock,0.08163265306122448
Unknown,0.5693644538749115,0.5207552497147244,In Stock,0.836734693877551
Unknown,0.7015257148630898,0.5207552497147244,Out of Stock,0.6122448979591836
A,0.26735374355865416,0.29409491671307775,In Stock,0.44897959183673464
Unknown,0.4659997979185612,0.8635766431875697,In Stock,0.673469387755102
B,0.19308881479236134,0.5207552497147244,Out of Stock,0.5102040816326531
Unknown,0.13054460947761948,0.5207552497147244,In Stock,0.6326530612244897
Unknown,0.7439628170152571,0.5207552497147244,Out of Stock,0.673469387755102
Unknown,0.7678084267959987,0.5207552497147244,In Stock,0.836734693877551
C,0.4841871274123472,0.37813268739617933,Out of Stock,0.673469387755102
A,0.47903405072244115,0.5207552497147244,Out of Stock,0.18367346938775508
Unknown,0.8723855713852682,0.5207552497147244,Out of Stock,0.26530612244897955
B,0.9111852076386784,0.12674604610118595,In Stock,0.7959183673469387
Unknown,0.23491967262806912,0.5207552497147244,Out of Stock,0.7959183673469387
Unknown,0.4479135091441851,0.6837737141745777,In Stock,0.4081632653061224
C,0.22511872284530668,0.6473918570815362,Out of Stock,0.3877551020408163
Unknown,0.11276144286147317,0.09562847807708319,In Stock,0.2857142857142857
Unknown,0.7113266646458523,0.9541167039493376,In Stock,0.04081632653061224
A,0.9619076487824593,0.5207552497147244,In Stock,0.5714285714285714
Unknown,0.9251288269172476,0.14821061531160123,In Stock,0.9183673469387754
A,0.5021723754673133,0.07707884695961015,In Stock,0.3061224489795918
Unknown,0.3097908457108215,0.5207552497147244,In Stock,0.1020408163265306
A,0.6615135899767606,0.5207552497147244,Out of Stock,0.18367346938775508
A,0.7399211882388602,0.7331224470525475,Out of Stock,0.4897959183673469
Unknown,0.860967970091947,0.5688771140381128,In Stock,0.6122448979591836
D,0.4814590279882793,0.5207552497147244,In Stock,0.1020408163265306
Unknown,0.33373749621097304,0.5546946986192508,In Stock,0.8163265306122448
Unknown,0.4181064969182581,0.5207552497147244,In Stock,0.9795918367346939
Unknown,0.024148731938971407,0.4382716500494406,In Stock,0.42857142857142855
Unknown,0.4345761341820754,0.5207552497147244,In Stock,0.9999999999999999
Unknown,0.9452359300798221,0.03030564318759399,Out of Stock,0.5102040816326531
Unknown,0.5244013337374962,0.6399174463690733,Out of Stock,0.5102040816326531
Unknown,0.40113165605739115,0.9028838064086434,In Stock,0.22448979591836732
D,0.4131555016671719,0.5207552497147244,In Stock,0.8775510204081632
Unknown,0.29554410427402245,0.5207552497147244,Out of Stock,0.0
Unknown,0.21693442457310297,0.5207552497147244,In Stock,0.9999999999999999
Unknown,0.8780438516722239,0.5207552497147244,In Stock,0.36734693877551017
Unknown,0.4228554107305244,0.39960473895685555,Out of Stock,0.8979591836734693
Unknown,0.3456603011013439,0.37535071570523515,Out of Stock,0.6530612244897959
D,0.08861271092250177,0.5207552497147244,In Stock,0.5510204081632653
Unknown,0.4945438011518642,0.8665117927411122,In Stock,0.9183673469387754
Unknown,0.051732848337880166,0.6034716555752279,In Stock,0.5714285714285714
D,0.23461655046983937,0.5100783654302244,Out of Stock,0.6530612244897959
A,0.5774477114277053,0.5407458519341438,In Stock,0.4897959183673469
Unknown,0.9559462463372739,0.025725714388645904,Out of Stock,0.18367346938775508
D,0.6678791552995857,0.5207552497147244,In Stock,0.7346938775510203
Unknown,0.2790744670102051,0.0937087376457531,In Stock,0.9387755102040816
Unknown,0.5147014246741436,0.6328923945536986,Out of Stock,0.7142857142857142
A,0.8046882893806203,0.2737591699055446,Out of Stock,0.42857142857142855
D,0.3035263211074063,0.8727393409689418,In Stock,0.6938775510204082
D,0.77922602808932,0.9382601353644254,In Stock,0.4693877551020408
Unknown,0.462362332019804,0.6305271264742272,In Stock,0.8571428571428571
Unknown,0.5985652217843791,0.5207552497147244,In Stock,0.8163265306122448
Unknown,0.5667373951702536,0.1594677759687273,In Stock,0.836734693877551
Unknown,0.9455390522380519,0.57525461178774,In Stock,0.6938775510204082
Unknown,0.22734161867232497,0.5207552497147244,Out of Stock,0.22448979591836732
D,0.5544104274022431,0.7717732537980425,In Stock,0.3877551020408163
Unknown,0.08002424977265837,0.5207552497147244,In Stock,0.3469387755102041
Unknown,0.5450136404971203,0.04995886327859761,In Stock,0.2857142857142857
Unknown,0.27048600586036176,0.8384306774711042,Out of Stock,0.9183673469387754
Unknown,0.06567646761644942,0.5207552497147244,In Stock,0.6326530612244897
A,0.46913206022026877,0.5207552497147244,In Stock,0.1020408163265306
Unknown,0.7957967060725472,0.700684468182286,In Stock,0.6530612244897959
B,0.6548449024957057,0.7074281089960031,In Stock,0.7346938775510203
Unknown,0.48216631302414875,0.5207552497147244,In Stock,0.9795918367346939
Unknown,0.8765282408810751,0.5784268535770118,In Stock,0.5510204081632653
C,0.02475497625543094,0.5207552497147244,Out of Stock,0.0
Unknown,0.4945438011518642,0.5207552497147244,In Stock,0.16326530612244897
Unknown,0.6989996968778417,0.7233121853935974,In Stock,0.42857142857142855
B,0.18904718601596446,0.8188082448225248,In Stock,0.5102040816326531
C,0.3080731534808528,0.5207552497147244,In Stock,0.5918367346938775
Unknown,0.7150651712640194,0.798999095360973,In Stock,0.4081632653061224
Unknown,0.019399818126705062,0.5207552497147244,In Stock,0.7755102040816326
Unknown,0.3381832878650096,0.5207552497147244,In Stock,0.5102040816326531
B,0.3095887642720016,0.5207552497147244,Out of Stock,0.4081632653061224
Unknown,0.6890977063756694,0.5207552497147244,In Stock,0.8163265306122448
Unknown,0.3630393048398505,0.5207552497147244,In Stock,0.08163265306122448
Unknown,0.5785591593412145,0.5207552497147244,In Stock,0.5102040816326531
Unknown,0.5224815600687076,0.5207552497147244,In Stock,0.5306122448979591
Unknown,0.5503687986258462,0.2620815973454429,In Stock,0.3877551020408163
Unknown,0.14984338688491464,0.5207552497147244,In Stock,0.5102040816326531
Unknown,0.46216025058098414,0.06699697301842633,In Stock,0.3877551020408163
Unknown,0.5020713347479033,0.42530389347335973,Out of Stock,0.5510204081632653
Unknown,0.6657573001919773,0.2803765602851993,Out of Stock,0.7959183673469387
Unknown,0.29938365161159947,0.5207552497147244,In Stock,0.5918367346938775
Unknown,0.3449530160654744,0.5207552497147244,In Stock,0.5714285714285714
B,0.1265029807012226,0.7925249867299916,In Stock,0.2857142857142857
C,0.07850863898150955,0.5207552497147244,In Stock,0.9591836734693877
C,0.646761644942912,0.5207552497147244,In Stock,0.5102040816326531
Unknown,0.6360513286854602,0.8828901807256816,Out of Stock,0.04081632653061224
Unknown,0.01465090431443872,0.6425955731177148,In Stock,0.5306122448979591
A,0.313024148731939,0.5207552497147244,In Stock,0.6326530612244897
Unknown,0.527230473880974,0.5207552497147244,In Stock,0.5102040816326531
Unknown,0.9067394159846418,0.5207552497147244,In Stock,0.7755102040816326
Unknown,0.7909467515408709,0.5207552497147244,In Stock,0.7755102040816326
Unknown,0.6547438617762958,0.5207552497147244,Out of Stock,0.12244897959183673
C,0.9385672425987672,0.7163699049807548,In Stock,0.4081632653061224
Unknown,0.4297261796503991,0.5207552497147244,In Stock,0.08163265306122448
Unknown,0.42720016166515107,0.3925057661083451,Out of Stock,0.1020408163265306
Unknown,0.2889764575123775,0.24991544680999422,Out of Stock,0.5102040816326531
C,0.4938870364756997,0.5887969705912384,In Stock,0.5102040816326531
D,0.6795998787511367,0.7379557731446519,In Stock,0.5918367346938775
Unknown,0.26967768010508236,0.5207552497147244,Out of Stock,0.5102040816326531
Unknown,0.31090229362433064,0.5207552497147244,Out of Stock,0.9795918367346939
B,0.26886935434980297,0.5207552497147244,In Stock,0.32653061224489793
Unknown,0.21440840658785493,0.5207552497147244,Out of Stock,0.5102040816326531
Unknown,0.67535616853592,0.9451142312059252,Out of Stock,0.7142857142857142
Unknown,0.15540062645246036,0.5207552497147244,Out of Stock,0.7346938775510203
D,0.5053046377690209,0.5207552497147244,In Stock,0.061224489795918366
A,0.38840052541174097,0.5194794563638055,Out of Stock,0.3877551020408163
Unknown,0.4945438011518642,0.5207552497147244,Out of Stock,0.3469387755102041
C,0.03768818833990098,0.5207552497147244,In Stock,0.4081632653061224
C,0.5638072143073658,0.5207552497147244,Out of Stock,0.12244897959183673
A,0.4945438011518642,0.2568214754358451,In Stock,0.5918367346938775
C,0.31383247448721835,0.18901737110598327,In Stock,0.6122448979591836
C,0.7213296958674346,0.5207552497147244,In Stock,0.5102040816326531
Unknown,0.37344649893907245,0.5207552497147244,In Stock,0.5102040816326531
Unknown,0.13620288976457515,0.6707341384689667,In Stock,0.08163265306122448
C,0.9305850257653834,0.5207552497147244,Out of Stock,0.7346938775510203
Unknown,0.6295847226432252,0.4002447173606102,In Stock,0.836734693877551
Unknown,0.6862685662321916,0.49970027720219934,Out of Stock,0.9183673469387754
Unknown,0.0705264221481257,0.26037521633146943,Out of Stock,0.5306122448979591
Unknown,0.49499848438920885,0.5207552497147244,Out of Stock,0.36734693877551017
C,0.1269071435788623,0.12764381120553148,In Stock,0.5918367346938775
Unknown,0.7074871173082752,0.6590986230295507,In Stock,0.9591836734693877
Unknown,0.05526927351722744,0.8592545077044206,In Stock,0.5102040816326531
Unknown,0.9201778316661614,0.6517999402788028,In Stock,0.42857142857142855
Unknown,0.4945438011518642,0.019643475592927895,Out of Stock,0.42857142857142855
C,0.4464989390724462,0.5207552497147244,Out of Stock,0.12244897959183673
A,0.1965241992522987,0.46814383039253304,In Stock,0.8571428571428571
C,0.11872284530665857,0.03984304700279584,In Stock,0.3061224489795918
Unknown,0.16115994745882592,0.31913403737561574,Out of Stock,0.6938775510204082
D,0.11074062847327473,0.5207552497147244,In Stock,0.8163265306122448
B,0.2371425684550874,0.5207552497147244,In Stock,0.8979591836734693
B,0.11528746084672122,0.5207552497147244,In Stock,0.9183673469387754
D,0.09982823077700313,0.5207552497147244,Out of Stock,0.8163265306122448
Unknown,0.4697383045367283,0.29574945306711975,In Stock,0.32653061224489793
D,0.955845205617864,0.5207552497147244,In Stock,0.5102040816326531
Unknown,0.28190360715368296,0.809908442741574,Out of Stock,0.6938775510204082
A,0.3746589875719915,0.5207552497147244,In Stock,0.5102040816326531
Unknown,0.9497827624532686,0.5207552497147244,In Stock,0.8979591836734693
A,0.35930079822168337,0.7432886064140478,In Stock,0.061224489795918366
D,0.5222794786298878,0.6036640055535961,Out of Stock,0.5102040816326531
Unknown,0.8434879256340305,0.24597149039149896,In Stock,0.22448979591836732
Unknown,0.8450035364251793,0.19550705944690105,In Stock,0.5102040816326531
B,0.7685157118318682,0.579223822660597,Out of Stock,0.5102040816326531
Unknown,0.8139840355663331,0.9147134222559171,In Stock,0.4081632653061224
Unknown,0.53238355057088,0.5207552497147244,Out of Stock,0.3469387755102041
Unknown,0.279175507729615,0.5207552497147244,In Stock,0.4693877551020408
Unknown,0.7008184298272203,0.22159766114514234,In Stock,0.26530612244897955
Unknown,0.48347984237647773,0.30307033263743854,Out of Stock,0.36734693877551017
Unknown,0.9436192785692634,0.5207552497147244,Out of Stock,0.6530612244897959
B,0.2730120238456098,0.023203241714095046,Out of Stock,0.8571428571428571
Unknown,0.5474386177629584,0.5207552497147244,In Stock,0.9591836734693877
Unknown,0.030413256542386587,0.9575211131627998,In Stock,0.4081632653061224
Unknown,0.49974739820147523,0.5207552497147244,Out of Stock,0.5714285714285714
Unknown,0.4945438011518642,0.6444769897018231,In Stock,0.9387755102040816
Unknown,0.14388198443972922,0.5207552497147244,In Stock,0.9183673469387754
B,0.46610083863797114,0.7646569970473075,Out of Stock,0.6122448979591836
C,0.30928564211377185,0.23257617661107077,In Stock,0.0
Unknown,0.4945438011518642,0.5207552497147244,Out of Stock,0.9387755102040816
B,0.27331514600383955,0.09513598820687819,Out of Stock,0.6938775510204082
D,0.3759725169243205,0.5207552497147244,In Stock,0.7346938775510203
Unknown,0.5658280286955643,0.5875441726607448,In Stock,0.061224489795918366
A,0.5711831868242901,0.8315842593912298,Out of Stock,0.061224489795918366
A,0.3028190360715368,0.5207552497147244,Out of Stock,0.1020408163265306
Unknown,0.5083358593513185,0.5207552497147244,Out of Stock,0.5102040816326531
B,0.21329695867434578,0.5207552497147244,In Stock,0.9387755102040816
C,0.4098211579266445,0.5207552497147244,In Stock,0.6938775510204082
A,0.3959785793674851,0.5207552497147244,Out of Stock,0.8979591836734693
C,0.6854602404769121,0.5207552497147244,In Stock,0.36734693877551017
Unknown,0.6201879357381024,0.5207552497147244,Out of Stock,0.5510204081632653
Unknown,0.9521066989996968,0.5207552497147244,In Stock,0.26530612244897955
A,0.16570677983227242,0.7640988829535079,In Stock,0.9999999999999999
B,0.14933818328786502,0.06274342752190837,In Stock,0.4081632653061224
Unknown,0.5956350409214913,0.5207552497147244,In Stock,0.2040816326530612
Unknown,0.7059715065171264,0.3706632842543762,Out of Stock,0.32653061224489793
Unknown,0.9926240274830755,0.7908131499312506,In Stock,0.36734693877551017
Unknown,0.5944225522885722,0.15475760573235042,In Stock,0.3061224489795918
Unknown,0.6177629584722643,0.6872940442152083,In Stock,0.4897959183673469
Unknown,0.9866626250378903,0.25500620066431634,Out of Stock,0.9183673469387754
Unknown,0.6351419622107709,0.554108321149384,Out of Stock,0.8163265306122448
Unknown,0.03172678589471557,0.5207552497147244,In Stock,0.1020408163265306
Unknown,0.9782762453268667,0.22311487420753034,In Stock,0.9999999999999999
Unknown,0.189653430332424,0.5771332126360814,In Stock,0.44897959183673464
D,0.9322016772759422,0.6856212364085639,In Stock,0.5102040816326531
Unknown,0.6858644033545519,0.5207552497147244,Out of Stock,0.3877551020408163
C,0.6283722340103061,0.5207552497147244,Out of Stock,0.42857142857142855
Unknown,0.6135192482570475,0.5207552497147244,In Stock,0.7959183673469387
D,0.0236435283419218,0.4342136198608916,In Stock,0.8163265306122448
Unknown,0.7280994240678993,0.5207552497147244,In Stock,0.5306122448979591
A,0.6061432757401233,0.8826353086807303,In Stock,0.3469387755102041
Unknown,0.7889259371526725,0.5207552497147244,Out of Stock,0.7142857142857142
B,0.7939779731231686,0.5207552497147244,In Stock,0.08163265306122448
Unknown,0.4845912902899869,0.43303034575455646,In Stock,0.0
D,0.9281600484995453,0.2618922070243016,In Stock,0.44897959183673464
Unknown,0.8573305041931898,0.5207552497147244,In Stock,0.36734693877551017
Unknown,0.9059310902293624,0.4857914109098218,In Stock,0.3877551020408163
Unknown,0.4945438011518642,0.5207552497147244,In Stock,0.8571428571428571
Unknown,0.09800949782762453,0.5207552497147244,Out of Stock,0.4693877551020408
Unknown,0.7089016873800141,0.8922021556946113,In Stock,0.9183673469387754
C,0.997372941295342,0.050182823315400804,Out of Stock,0.5102040816326531
C,0.07982216833383854,0.07862625458437283,Out of Stock,0.836734693877551
D,0.6111953117106194,0.5598777208522796,In Stock,0.3061224489795918
B,0.7588158027685157,0.5207552497147244,Out of Stock,0.6122448979591836
Unknown,0.11175103566737395,0.5207552497147244,In Stock,0.836734693877551
B,0.9431140749722138,0.5207552497147244,Out of Stock,0.14285714285714285
B,0.5132868546024048,0.20698045218996058,Out of Stock,0.02040816326530612
A,0.44245731029604934,0.5207552497147244,In Stock,0.22448979591836732
C,0.22329998989592806,0.5816696157984401,Out of Stock,0.32653061224489793
D,0.829746387794281,0.8683364646614186,In Stock,0.14285714285714285
Unknown,0.6361523694048701,0.2346902757481827,Out of Stock,0.16326530612244897
Unknown,0.26957663938567245,0.5207552497147244,In Stock,0.5102040816326531
Unknown,0.25270283924421544,0.5207552497147244,In Stock,0.5102040816326531
Unknown,0.8283318177225422,0.564078578155195,Out of Stock,0.5102040816326531
Unknown,0.6426189754471051,0.8301985412036786,In Stock,0.24489795918367346
A,0.0010104071940992224,0.6839450173341268,Out of Stock,0.4693877551020408
Unknown,0.6250378902697786,0.9762159034455019,Out of Stock,0.04081632653061224
D,0.07002121855107608,0.5207552497147244,Out of Stock,0.16326530612244897
A,0.14287157724563,0.5207552497147244,In Stock,0.2857142857142857
B,0.9750429423057492,0.8669601246350148,In Stock,0.5918367346938775
A,0.7510356673739517,0.4213658696472756,In Stock,0.26530612244897955
C,0.6645448115590583,0.5207552497147244,In Stock,0.42857142857142855
Unknown,0.9723148428816812,0.5207552497147244,Out of Stock,0.9999999999999999
D,0.7604324542790745,0.5207552497147244,In Stock,0.3061224489795918
B,0.6567646761644943,0.15730760023638413,Out of Stock,0.5714285714285714
Unknown,0.8085278367181974,0.5434214061241378,In Stock,0.4693877551020408
Unknown,0.4137617459836314,0.5207552497147244,In Stock,0.3061224489795918
Unknown,0.9518035768414671,0.5207552497147244,In Stock,0.5918367346938775
Unknown,0.6920278872385571,0.5207552497147244,Out of Stock,0.6530612244897959
Unknown,0.5303627361826816,0.5207552497147244,In Stock,0.02040816326530612
Unknown,0.7717490148529857,0.5207552497147244,Out of Stock,0.32653061224489793
Unknown,0.536223097908457,0.03102829174860816,In Stock,0.18367346938775508
Unknown,0.5964433666767707,0.5207552497147244,In Stock,0.5102040816326531
C,0.361018490451652,0.5207552497147244,In Stock,0.32653061224489793
Unknown,0.9989895928059007,0.2711622087932881,Out of Stock,0.5102040816326531
Unknown,0.055774477114277056,0.5207552497147244,In Stock,0.2857142857142857
A,0.6089724158836011,0.6838307891580703,Out of Stock,0.14285714285714285
B,0.27008184298272203,0.5207552497147244,In Stock,0.22448979591836732
Unknown,0.6842477518439931,0.9046251587635313,Out of Stock,0.8979591836734693
Unknown,0.43467717490148533,0.5207552497147244,In Stock,0.26530612244897955
Unknown,0.06789936344346771,0.5207552497147244,Out of Stock,0.22448979591836732
A,0.527129433161564,0.5037326737350223,In Stock,0.5102040816326531
A,0.018591492371425683,0.5207552497147244,In Stock,0.44897959183673464
Unknown,0.49277558856219056,0.5207552497147244,In Stock,0.5102040816326531
Unknown,0.9631201374153784,0.5207552497147244,Out of Stock,0.44897959183673464
D,0.24199252298676366,0.5207552497147244,In Stock,0.5102040816326531
Unknown,0.8309588764272001,0.7049898051155956,In Stock,0.24489795918367346
Unknown,0.42174396281701526,0.5207552497147244,Out of Stock,0.5102040816326531
Unknown,0.4546832373446499,0.17760783455526608,In Stock,0.5102040816326531
Unknown,0.4666060422350207,0.3892614109584043,Out of Stock,0.9387755102040816
Unknown,0.39436192785692636,0.32535792339482994,Out of Stock,0.22448979591836732
C,0.9169445286450439,0.7328691076239553,In Stock,0.8571428571428571
Unknown,0.6470647671011417,0.5207552497147244,In Stock,0.42857142857142855
Unknown,0.10882085480448621,0.5207552497147244,Out of Stock,0.12244897959183673
Unknown,0.002930180862887745,0.5207552497147244,In Stock,0.7959183673469387
C,0.9840355663332323,0.7027096115666421,In Stock,0.8571428571428571
D,0.7624532686672729,0.5271454391857896,Out of Stock,0.4081632653061224
Unknown,0.040214206325149035,0.5207552497147244,Out of Stock,0.5510204081632653
Unknown,0.6993028190360715,0.11053279721163883,Out of Stock,0.9999999999999999
Unknown,0.5729008790542588,0.0198533226262112,Out of Stock,0.4897959183673469
Unknown,0.7653834495301606,0.6547926060520429,Out of Stock,0.7142857142857142
C,0.5309689804991411,0.5207552497147244,Out of Stock,0.673469387755102
Unknown,0.2600788117611397,0.5207552497147244,Out of Stock,0.673469387755102
Unknown,0.18146913206022028,0.5207552497147244,In Stock,0.4897959183673469
Unknown,0.030514297261796504,0.5207552497147244,In Stock,0.6530612244897959
Unknown,0.8352025866424169,0.5207552497147244,In Stock,0.7346938775510203
B,0.3213094877235526,0.5207552497147244,Out of Stock,0.9999999999999999
Unknown,0.3516217035465293,0.9651707514792608,In Stock,0.08163265306122448
D,0.3827422451247853,0.5207552497147244,In Stock,0.9387755102040816
Unknown,0.2754370011114479,0.5207552497147244,In Stock,0.4693877551020408
Unknown,0.8488430837627563,0.6825471946784702,In Stock,0.5102040816326531
Unknown,0.11255936142265333,0.5207552497147244,In Stock,0.6530612244897959
Unknown,0.04536728301505507,0.5207552497147244,In Stock,0.5102040816326531
Unknown,0.6209962614933818,0.5207552497147244,In Stock,0.3061224489795918
Unknown,0.7936748509649388,0.6781909133020821,In Stock,0.02040816326530612
B,0.6420127311306456,0.9480873520754226,Out of Stock,0.3061224489795918
A,0.4945438011518642,0.5207552497147244,Out of Stock,0.9795918367346939
Unknown,0.2576538344953016,0.5207552497147244,In Stock,0.6938775510204082
C,0.05274325553197939,0.04426137072073977,Out of Stock,0.8163265306122448
C,0.17166818227745784,0.9635829122590293,In Stock,0.36734693877551017
Unknown,0.323431342831161,0.5207552497147244,Out of Stock,0.02040816326530612
Unknown,0.7462867535616853,0.5207552497147244,Out of Stock,0.5102040816326531
Unknown,0.12033949681721733,0.12949196860470924,In Stock,0.8979591836734693
D,0.10811356976861675,0.5207552497147244,Out of Stock,0.4897959183673469
Unknown,0.9811053854703445,0.5207552497147244,In Stock,0.5918367346938775
B,0.7405274325553197,0.6296710371363959,Out of Stock,0.4081632653061224
Unknown,0.6925330908356067,0.5207552497147244,Out of Stock,0.32653061224489793
Unknown,0.9002728099424068,0.5207552497147244,Out of Stock,0.42857142857142855
Unknown,0.8396483782964534,0.5207552497147244,Out of Stock,0.6326530612244897
Unknown,0.9074467010205113,0.5207552497147244,In Stock,0.8979591836734693
Unknown,0.7392139032029907,0.5207552497147244,In Stock,0.7346938775510203
B,0.8698595534000202,0.8726744523935533,In Stock,0.1020408163265306
Unknown,0.4326563605132869,0.05859201527592295,Out of Stock,0.5102040816326531
B,0.6165504698393452,0.7013463781037123,In Stock,0.5510204081632653
Unknown,0.5186420127311306,0.5392237573285796,In Stock,0.6530612244897959
C,0.41022532080428414,0.12673593296581454,In Stock,0.4693877551020408
A,0.0006062443164595328,0.5207552497147244,In Stock,0.4897959183673469
Unknown,0.2198646054359907,0.5207552497147244,In Stock,0.5714285714285714
C,0.21996564615540065,0.8777027875845919,In Stock,0.04081632653061224
D,0.6386783873901182,0.5264570195848266,In Stock,0.5102040816326531
Unknown,0.01242800848742043,0.5207552497147244,Out of Stock,0.7959183673469387
Unknown,0.6770738607658886,0.15129026589371075,Out of Stock,0.2857142857142857
D,0.5293523289885823,0.014210561459860327,In Stock,0.9999999999999999
C,0.2767505304637769,0.9024996101759682,Out of Stock,0.08163265306122448
Unknown,0.7840759826209962,0.06998061032202879,In Stock,0.7551020408163265
Unknown,0.5602707891280185,0.34541598546493235,In Stock,0.061224489795918366
Unknown,0.6987976154390219,0.1724943806392093,In Stock,0.5102040816326531
C,0.1319591795493584,0.5207552497147244,In Stock,0.673469387755102
A,0.30473880974032536,0.6393720773873757,Out of Stock,0.9999999999999999
B,0.28018591492371425,0.4213284574597914,In Stock,0.26530612244897955
Unknown,0.8473274729716075,0.5207552497147244,Out of Stock,0.7551020408163265
Unknown,0.33242396685864406,0.11958765192906462,In Stock,0.2857142857142857
Unknown,0.18530867939779733,0.5207552497147244,In Stock,0.6530612244897959
Unknown,0.7553804183085783,0.5207552497147244,Out of Stock,0.7142857142857142
Unknown,0.48580377892290594,0.08013158542715809,In Stock,0.14285714285714285
Unknown,0.2061230675962413,0.5540709863859304,In Stock,0.5102040816326531
C,0.7812468424775184,0.5207552497147244,In Stock,0.6122448979591836
D,0.25502677579064364,0.3429301907026322,Out of Stock,0.44897959183673464
C,0.32747297160755784,0.5207552497147244,In Stock,0.12244897959183673
B,0.33141355966454483,0.7639506870814955,Out of Stock,0.5102040816326531
Unknown,0.4113367687177933,0.5207552497147244,Out of Stock,0.5714285714285714
B,0.9657471961200363,0.15074779765235802,In Stock,0.26530612244897955
A,0.11801556027078912,0.5207552497147244,In Stock,0.836734693877551
C,0.5910882085480448,0.5207552497147244,In Stock,0.836734693877551
Unknown,0.2861473173688997,0.35774275607127914,In Stock,0.3469387755102041
Unknown,0.6083661715671416,0.8049261661928283,In Stock,0.4897959183673469
Unknown,0.017985248054966152,0.25865929819179334,Out of Stock,0.0
Unknown,0.4919672628069112,0.5207552497147244,In Stock,0.22448979591836732
A,0.13680913408103468,0.5207552497147244,In Stock,0.836734693877551
B,0.6505001515610791,0.2997373140127926,In Stock,0.673469387755102
Unknown,0.4955036879862585,0.9852403635857786,Out of Stock,0.4693877551020408
B,0.07598262099626149,0.5207552497147244,Out of Stock,0.4897959183673469
A,0.9943417197130444,0.5207552497147244,In Stock,0.9795918367346939
D,0.6529251288269172,0.5207552497147244,Out of Stock,0.4693877551020408
B,0.14711528746084673,0.5207552497147244,In Stock,0.3469387755102041
Unknown,0.7535616853591998,0.5207552497147244,In Stock,0.7346938775510203
B,0.3112054157825604,0.5207552497147244,In Stock,0.5102040816326531
A,0.6259472567444679,0.8942483123357502,Out of Stock,0.1020408163265306
Unknown,0.577851874305345,0.5207552497147244,Out of Stock,0.6326530612244897
Unknown,0.25886632312822067,0.5207552497147244,Out of Stock,0.7142857142857142
C,0.4945438011518642,0.39283755165095113,Out of Stock,0.9591836734693877
A,0.4555926038193392,0.1496907849332622,Out of Stock,0.3877551020408163
Unknown,0.3604122461351925,0.2281379465906741,In Stock,0.8571428571428571
Unknown,0.3072648277255734,0.7638660711704456,Out of Stock,0.18367346938775508
Unknown,0.1247852884712539,0.5077029262619529,Out of Stock,0.5918367346938775
Unknown,0.8008487420430433,0.5207552497147244,In Stock,0.5714285714285714
C,0.4945438011518642,0.19964473445511483,Out of Stock,0.061224489795918366
Unknown,0.9260381933919369,0.5207552497147244,In Stock,0.08163265306122448
Unknown,0.7658886531272102,0.5207552497147244,Out of Stock,0.9183673469387754
Unknown,0.7436596948570273,0.5887639018571161,In Stock,0.4693877551020408
Unknown,0.7918561180155602,0.5207552497147244,In Stock,0.9183673469387754
Unknown,0.10174800444579166,0.5207552497147244,In Stock,0.5102040816326531
Unknown,0.6815196524199252,0.5207552497147244,In Stock,0.4693877551020408
Unknown,0.837728604627665,0.5207552497147244,In Stock,0.3877551020408163
A,0.8315651207436596,0.33011511612512856,Out of Stock,0.9387755102040816
B,0.3395978579367485,0.37527310206697806,In Stock,0.9387755102040816
Unknown,0.04223502071334748,0.2703040878703773,In Stock,0.12244897959183673
Unknown,0.70132363342427,0.42721562579757755,In Stock,0.5714285714285714
C,0.46852581590380926,0.5207552497147244,Out of Stock,0.0
B,0.029604930787107207,0.5207552497147244,In Stock,0.8163265306122448
Unknown,0.057290087905425884,0.22579394671474945,Out of Stock,0.5714285714285714
A,0.9335152066282711,0.5207552497147244,In Stock,0.3877551020408163
B,0.01889461452965545,0.5207552497147244,In Stock,0.6326530612244897
Unknown,0.5643124179044154,0.5207552497147244,In Stock,0.6122448979591836
A,0.6840456704051733,0.5207552497147244,In Stock,0.5918367346938775
B,0.8754167929675659,0.596133949857065,In Stock,0.4897959183673469
D,0.4654945943215116,0.5207552497147244,In Stock,0.3469387755102041
Unknown,0.8163079721127614,0.5207552497147244,In Stock,0.6122448979591836
Unknown,0.17096089724158836,0.7088951394690027,Out of Stock,0.8775510204081632
Unknown,0.49813074669091645,0.3648104395737831,In Stock,0.4081632653061224
Unknown,0.3357583105991715,0.3340405057015765,In Stock,0.32653061224489793
Unknown,0.4191169041123573,0.5920722825951265,Out of Stock,0.5102040816326531
D,0.07810447610386985,0.46865231980042976,Out of Stock,0.5714285714285714
C,0.12599777710417298,0.6721192191111053,Out of Stock,0.7142857142857142
Unknown,0.030413256542386587,0.7098125978990438,In Stock,0.836734693877551
C,0.4945438011518642,0.5207552497147244,In Stock,0.22448979591836732
B,0.4251793472769526,0.5207552497147244,Out of Stock,0.26530612244897955
C,0.4945438011518642,0.03590792878197857,Out of Stock,0.02040816326530612
D,0.3633424269980802,0.5207552497147244,In Stock,0.5714285714285714
Unknown,0.34444781246842476,0.36226173823555397,In Stock,0.04081632653061224
D,0.43548550065676467,0.977594997391163,In Stock,0.836734693877551
Unknown,0.5263211074062847,0.28833794390571243,In Stock,0.4693877551020408
Unknown,0.08416691926846519,0.8936805641256168,In Stock,0.5510204081632653
B,0.05567343639486714,0.22522720400021495,Out of Stock,0.12244897959183673
Unknown,0.7474992421946044,0.5207552497147244,In Stock,0.5510204081632653
Unknown,0.4306355461250884,0.6347016811343842,Out of Stock,0.2857142857142857
Unknown,0.9460442558351015,0.5207552497147244,Out of Stock,0.8979591836734693
Unknown,0.5275335960392038,0.01953715944694745,Out of Stock,0.5102040816326531
D,0.0010104071940992224,0.5207552497147244,In Stock,0.9795918367346939
C,0.2161260988178236,0.5207552497147244,In Stock,0.5102040816326531
B,0.8036778821865211,0.5207552497147244,Out of Stock,0.5102040816326531
Unknown,0.9495806810144488,0.865240844453716,In Stock,0.7551020408163265
Unknown,0.42538142871577245,0.5207552497147244,Out of Stock,0.22448979591836732
Unknown,0.22380519349297767,0.5207552497147244,In Stock,0.2857142857142857
B,0.8843083762756391,0.5207552497147244,Out of Stock,0.5102040816326531
Unknown,0.4021420632514904,0.19215158068816934,Out of Stock,0.8163265306122448
Unknown,0.7144589269475599,0.5207552497147244,In Stock,0.7959183673469387
Unknown,0.3079721127614429,0.5207552497147244,In Stock,0.36734693877551017
Unknown,0.7252702839244215,0.8784846484174228,Out of Stock,0.42857142857142855
Unknown,0.30564817621501467,0.7714224990323449,Out of Stock,0.836734693877551
C,0.7386076588865312,0.5207552497147244,In Stock,0.5714285714285714
B,0.21774275032838236,0.22739975653078942,In Stock,0.9183673469387754
Unknown,0.3885015661311509,0.5673336294937755,In Stock,0.6326530612244897
Unknown,0.26785894715570374,0.5207552497147244,Out of Stock,0.16326530612244897
Unknown,0.9627159745377387,0.9870012529570426,Out of Stock,0.5918367346938775
C,0.31999595837122363,0.3121425244759294,In Stock,0.5306122448979591
A,0.26583813276750534,0.7876297060971443,In Stock,0.12244897959183673
Unknown,0.6029099727190057,0.5207552497147244,Out of Stock,0.3061224489795918
A,0.657168839042134,0.5207552497147244,Out of Stock,0.5102040816326531
Unknown,0.6463574820652722,0.5460298553956294,Out of Stock,0.3061224489795918
Unknown,0.11013438415681519,0.8851674020511265,In Stock,0.5510204081632653
Unknown,0.07668990603213094,0.9330336337767563,In Stock,0.7346938775510203
B,0.43245427907446704,0.4363117478196572,In Stock,0.7959183673469387
Unknown,0.9971708598565221,0.530985820758988,In Stock,0.44897959183673464
D,0.7352733151460038,0.5207552497147244,In Stock,0.6938775510204082
Unknown,0.018995655249065373,0.5207552497147244,In Stock,0.4081632653061224
Unknown,0.13266646458522785,0.20290893783908248,Out of Stock,0.5102040816326531
B,0.22410831565120745,0.5207552497147244,Out of Stock,0.7755102040816326
Unknown,0.9017884207335556,0.20252620427724222,In Stock,0.9183673469387754
Unknown,0.08729918157017277,0.5940693159094665,Out of Stock,0.061224489795918366
C,0.1515610791148833,0.5207552497147244,In Stock,0.4693877551020408
Unknown,0.6936445387491158,0.5207552497147244,In Stock,0.36734693877551017
Unknown,0.6210973022127917,0.5771217848542823,Out of Stock,0.6938775510204082
Unknown,0.3356572698797616,0.5207552497147244,In Stock,0.6122448979591836
Unknown,0.5247044558957259,0.4023137175539936,In Stock,0.7551020408163265
Unknown,0.5784581186218045,0.5207552497147244,Out of Stock,0.04081632653061224
Unknown,0.6482772557340608,0.5207552497147244,In Stock,0.3061224489795918
Unknown,0.6550469839345255,0.5207552497147244,In Stock,0.7346938775510203
Unknown,0.9045165201576235,0.5207552497147244,In Stock,0.5102040816326531
C,0.2674547842780641,0.5207552497147244,Out of Stock,0.6122448979591836
A,0.3335354147721532,0.8409723910147405,In Stock,0.44897959183673464
Unknown,0.13337374962109733,0.3387297106842321,In Stock,0.5510204081632653
Unknown,0.33969889865615843,0.4817139085778235,In Stock,0.9387755102040816
Unknown,0.31514600383954733,0.5207552497147244,In Stock,0.02040816326530612
Unknown,0.2070324340709306,0.5609937595571689,In Stock,0.04081632653061224
Unknown,0.4945438011518642,0.9306027814248571,Out of Stock,0.5102040816326531
Unknown,0.7182984742851368,0.287005147682978,In Stock,0.14285714285714285
Unknown,0.49055269273517227,0.8354478926869552,Out of Stock,0.4897959183673469
Unknown,0.7282004647873093,0.5207552497147244,In Stock,0.16326530612244897
A,0.17298171162978682,0.5207552497147244,In Stock,0.6530612244897959
Unknown,0.8732949378599575,0.5207552497147244,In Stock,0.12244897959183673
C,0.9495806810144488,0.021771042133032992,In Stock,0.6122448979591836
A,0.34464989390724465,0.5207552497147244,In Stock,0.9591836734693877
Unknown,0.8903708194402343,0.050470994967412475,In Stock,0.061224489795918366
Unknown,0.19824189148226737,0.7382272472303816,In Stock,0.4081632653061224
Unknown,0.10861877336566636,0.45052997907227443,In Stock,0.08163265306122448
B,0.5402647266848539,0.5207552497147244,In Stock,0.5918367346938775
Unknown,0.04657977164797414,0.5207552497147244,In Stock,0.18367346938775508
D,0.23643528341921796,0.5207552497147244,In Stock,0.04081632653061224
Unknown,0.4945438011518642,0.5207552497147244,In Stock,0.8775510204081632
B,0.0064666060422350225,0.7920920141945736,Out of Stock,0.02040816326530612
Unknown,0.39294735778518747,0.5207552497147244,In Stock,0.3061224489795918
A,0.9124987369910074,0.32468524331091486,In Stock,0.5510204081632653
Unknown,0.329897948873396,0.5297738268391246,Out of Stock,0.5510204081632653
Unknown,0.7463877942810953,0.5207552497147244,Out of Stock,0.7346938775510203
Unknown,0.07547741739921188,0.5207552497147244,In Stock,0.08163265306122448
Unknown,0.7931696473678892,0.5207552497147244,In Stock,0.32653061224489793
Unknown,0.30180862887743765,0.5798461934655621,In Stock,0.6122448979591836
Unknown,0.5122764474083055,0.2890601845936954,In Stock,0.4081632653061224
Unknown,0.051126604021420635,0.7235095030623403,In Stock,0.5102040816326531
C,0.38051934929776704,0.5207552497147244,In Stock,0.3469387755102041
D,0.7089016873800141,0.36475456874327394,Out of Stock,0.8775510204081632
Unknown,0.5366272607860968,0.5207552497147244,In Stock,0.2040816326530612
A,0.48994644841871277,0.9715030544558577,Out of Stock,0.4693877551020408
Unknown,0.13256542386581793,0.5207552497147244,In Stock,0.6122448979591836
C,0.3235323835505709,0.5207552497147244,Out of Stock,0.5102040816326531
C,0.8703647569970698,0.10453737425458126,In Stock,0.5918367346938775
B,0.27412347175911894,0.0680936655395139,In Stock,0.02040816326530612
B,0.6252399717085986,0.8514125210945162,Out of Stock,0.6938775510204082
D,0.638981509548348,0.5207552497147244,Out of Stock,0.02040816326530612
Unknown,0.20632514903506113,0.5207552497147244,Out of Stock,0.7755102040816326
A,0.9084571082146105,0.8295624059101728,In Stock,0.18367346938775508
Unknown,0.3567747802364353,0.8278503626087673,Out of Stock,0.9387755102040816
B,0.5249065373345457,0.5207552497147244,In Stock,0.9795918367346939
Unknown,0.3202990805294534,0.43396618368343787,In Stock,0.5102040816326531
Unknown,0.801252904920683,0.6813134038221547,Out of Stock,0.6530612244897959
Unknown,0.6346367586137213,0.5207552497147244,In Stock,0.02040816326530612
Unknown,0.6994038597554815,0.5207552497147244,Out of Stock,0.6122448979591836
Unknown,0.062342123875921994,0.8978500290602122,In Stock,0.1020408163265306
A,0.42315853288875416,0.5207552497147244,In Stock,0.42857142857142855
Unknown,0.7928665252096595,0.5207552497147244,In Stock,0.6326530612244897
Unknown,0.1693442457310296,0.5207552497147244,Out of Stock,0.4897959183673469
Unknown,0.8860260685056077,0.5618734433989161,Out of Stock,0.7551020408163265
Unknown,0.3793068606648479,0.5207552497147244,In Stock,0.4693877551020408
Unknown,0.43851672223906235,0.5964407645359332,Out of Stock,0.9591836734693877
C,0.36839446296857636,0.5481000746152855,In Stock,0.5102040816326531
C,0.013236334242699809,0.5207552497147244,In Stock,0.5714285714285714
B,0.027382034960088918,0.3139688175120394,In Stock,0.0
Unknown,0.9601899565524906,0.7230962772032531,In Stock,0.8775510204081632
A,0.5933111043750631,0.5207552497147244,In Stock,0.9795918367346939
Unknown,0.4945438011518642,0.025327106787055464,Out of Stock,0.36734693877551017
Unknown,0.5996766696978882,0.7616238394045985,In Stock,0.7142857142857142
Unknown,0.3669798928968374,0.7537438114456042,In Stock,0.18367346938775508
Unknown,0.4642821056885925,0.4098041018530276,Out of Stock,0.9999999999999999
Unknown,0.7540668889562493,0.5207552497147244,In Stock,0.36734693877551017
Unknown,0.3356572698797616,0.7936825942278875,In Stock,0.8571428571428571
B,0.9808022633121147,0.5207552497147244,In Stock,0.5102040816326531
C,0.29008790542588664,0.5207552497147244,In Stock,0.1020408163265306
C,0.02647266848539962,0.5207552497147244,In Stock,0.1020408163265306
Unknown,0.16439325047994344,0.5207552497147244,In Stock,0.061224489795918366
A,0.3699100737597252,0.8862841968805194,Out of Stock,0.26530612244897955
Unknown,0.5227846822269374,0.3676319820850734,Out of Stock,0.9795918367346939
Unknown,0.14762049105789635,0.6393494886847448,In Stock,0.8571428571428571
Unknown,0.5544104274022431,0.4981289331244232,In Stock,0.4081632653061224
Unknown,0.006971809639284633,0.5207552497147244,Out of Stock,0.6122448979591836
Unknown,0.5297564918662221,0.5667930072799506,Out of Stock,0.6530612244897959
Unknown,0.448115590583005,0.7289952964783579,In Stock,0.02040816326530612
C,0.8628877437607355,0.5207552497147244,Out of Stock,0.04081632653061224
A,0.5326866727291097,0.5207552497147244,In Stock,0.5918367346938775
Unknown,0.6515105587551783,0.621321515318492,In Stock,0.32653061224489793
Unknown,0.20864908558148934,0.8845259464473395,Out of Stock,0.6938775510204082
Unknown,0.049105789633222194,0.8244459120764221,Out of Stock,0.7346938775510203
D,0.11397393149439224,0.5207552497147244,In Stock,0.5510204081632653
C,0.4945438011518642,0.5824088055042079,Out of Stock,0.4081632653061224
D,0.924724664039608,0.7380898598436509,Out of Stock,0.12244897959183673
D,0.6826311003334343,0.08785516413345718,In Stock,0.7959183673469387
A,0.32060220268768314,0.8055382011607327,In Stock,0.8979591836734693
A,0.794685258159038,0.42319902679670385,In Stock,0.9795918367346939
Unknown,0.34464989390724465,0.5207552497147244,In Stock,0.5306122448979591
B,0.21622713953723352,0.5207552497147244,In Stock,0.5510204081632653
B,0.937556835404668,0.5207552497147244,Out of Stock,0.14285714285714285
Unknown,0.0673941598464181,0.5207552497147244,In Stock,0.7142857142857142
A,0.005153076689906033,0.8773506224309408,In Stock,0.16326530612244897
A,0.3885015661311509,0.083138045249803,In Stock,0.7755102040816326
Unknown,0.0710316257451753,0.5207552497147244,Out of Stock,0.5918367346938775
Unknown,0.3319187632615944,0.7830031404514645,In Stock,0.8979591836734693
Unknown,0.7473982014751944,0.6294025754643578,In Stock,0.836734693877551
C,0.14620592098615742,0.9805596927036132,Out of Stock,0.9999999999999999
A,0.5789633222188542,0.5207552497147244,Out of Stock,0.5102040816326531
Unknown,0.6078609679700919,0.6606291749049855,Out of Stock,0.9183673469387754
C,0.8190360715368293,0.5207552497147244,Out of Stock,0.4897959183673469
Unknown,0.7784177023340406,0.5446822376823901,In Stock,0.9387755102040816
Unknown,0.5329897948873396,0.5207552497147244,In Stock,0.7551020408163265
Unknown,0.37667980196018996,0.9910533455530369,In Stock,0.36734693877551017
D,0.4945438011518642,0.31617339883154405,Out of Stock,0.2857142857142857
D,0.2461351924825705,0.5880782394549493,In Stock,0.6122448979591836
A,0.1965241992522987,0.5207552497147244,In Stock,0.7551020408163265
Unknown,0.3256542386581793,0.5207552497147244,In Stock,0.836734693877551
C,0.4945438011518642,0.30054218367807384,In Stock,0.6326530612244897
Unknown,0.45488531878346977,0.5207552497147244,In Stock,0.5102040816326531
A,0.4063857734667071,0.5207552497147244,In Stock,0.3061224489795918
D,0.8075174295240982,0.08160602526382538,In Stock,0.44897959183673464
Unknown,0.3425280387996363,0.5207552497147244,In Stock,0.6530612244897959
Unknown,0.8064059816105891,0.3465257666086803,In Stock,0.9387755102040816
Unknown,0.3603112054157826,0.5207552497147244,Out of Stock,0.4081632653061224
A,0.5393553602101646,0.5207552497147244,In Stock,0.5102040816326531
A,0.14287157724563,0.5165790647912467,Out of Stock,0.5306122448979591
Unknown,0.7264827725573406,0.2391106969128382,Out of Stock,0.7755102040816326
Unknown,0.7872082449227038,0.8373407265701355,In Stock,0.08163265306122448
Unknown,0.4846923310093968,0.5207552497147244,Out of Stock,0.04081632653061224
Unknown,0.4554915630999293,0.5207552497147244,In Stock,0.32653061224489793
Unknown,0.6548449024957057,0.5207552497147244,Out of Stock,0.3877551020408163
Unknown,0.2622006668687481,0.5207552497147244,Out of Stock,0.12244897959183673
B,0.11397393149439224,0.5207552497147244,In Stock,0.9183673469387754
Unknown,0.8424775184399312,0.5207552497147244,Out of Stock,0.9795918367346939
A,0.6422148125694654,0.5207552497147244,In Stock,0.22448979591836732
C,0.002930180862887745,0.1282980966901901,Out of Stock,0.6938775510204082
Unknown,0.6858644033545519,0.025162779302874916,In Stock,0.6530612244897959
Unknown,0.9380620390017177,0.5207552497147244,In Stock,0.5510204081632653
D,0.15732040012124887,0.606645103704442,In Stock,0.5102040816326531
C,0.41760129332120843,0.5207552497147244,Out of Stock,0.16326530612244897
Unknown,0.34444781246842476,0.5207552497147244,In Stock,0.7959183673469387
B,0.9209861574214409,0.5207552497147244,In Stock,0.5102040816326531
A,0.06911185207638677,0.8637829135630674,Out of Stock,0.061224489795918366
D,0.04860058603617258,0.5207552497147244,In Stock,0.36734693877551017
Unknown,0.6524199252298676,0.5953199677441404,Out of Stock,0.42857142857142855
Unknown,0.1396382742245125,0.013586410895864931,In Stock,0.5102040816326531
Unknown,0.04334646862685663,0.5207552497147244,In Stock,0.12244897959183673
Unknown,0.9994947964029504,0.5207552497147244,In Stock,0.08163265306122448
Unknown,0.4945438011518642,0.5207552497147244,Out of Stock,0.7142857142857142
C,0.44993432353238355,0.5207552497147244,In Stock,0.9591836734693877
Unknown,0.5401636859654441,0.37563440420697625,In Stock,0.5102040816326531
C,0.060220268768313635,0.0,In Stock,0.7959183673469387
Unknown,0.7292108719814084,0.9226983430863506,In Stock,0.04081632653061224
A,0.17995352126907144,0.6146484159253165,Out of Stock,0.061224489795918366
Unknown,0.9318985551177124,0.7284476269821551,In Stock,0.3877551020408163
Unknown,0.28493482873598064,0.5207552497147244,In Stock,0.5510204081632653
Unknown,0.9045165201576235,0.5207552497147244,Out of Stock,0.5714285714285714
Unknown,0.09962614933818328,0.5207552497147244,In Stock,0.5510204081632653
Unknown,0.13185813882994848,0.5207552497147244,Out of Stock,0.14285714285714285
C,0.47307264827725576,0.13066232288347118,In Stock,0.9795918367346939
Unknown,0.46852581590380926,0.9276714012678308,In Stock,0.8979591836734693
D,0.9306860664847934,0.4895681250319004,In Stock,0.6938775510204082
Unknown,0.12155198545013639,0.5207552497147244,In Stock,0.6938775510204082
Unknown,0.4945438011518642,0.5207552497147244,In Stock,0.3061224489795918
Unknown,0.08719814085076286,0.05009853655230884,In Stock,0.5714285714285714
Unknown,0.985753258563201,0.5207552497147244,In Stock,0.08163265306122448
A,0.19056279680711327,0.5207552497147244,In Stock,0.5102040816326531
Unknown,0.6483782964534707,0.5207552497147244,In Stock,0.4081632653061224
B,0.4945438011518642,0.49901780696798936,In Stock,0.7346938775510203
B,0.4409416995049005,0.4013752038057826,In Stock,0.3469387755102041
A,0.8344953016065474,0.5207552497147244,In Stock,0.5102040816326531
Unknown,0.43174699403859756,0.4622152850810831,In Stock,0.5714285714285714
C,0.8381327675053046,0.5207552497147244,In Stock,0.9999999999999999
Unknown,0.1487319389714055,0.5207552497147244,Out of Stock,0.26530612244897955
Unknown,0.5736081640901283,0.009573881188598143,In Stock,0.6122448979591836
Unknown,0.3918359098716783,0.4256934861132673,In Stock,0.12244897959183673
C,0.6565625947256744,0.5207552497147244,In Stock,0.5510204081632653
C,0.32231989491765184,0.5207552497147244,In Stock,0.9183673469387754
Unknown,0.9359401838941093,0.5207552497147244,In Stock,0.2040816326530612
D,0.6874810548651106,0.2820218377740814,In Stock,0.14285714285714285
Unknown,0.3516217035465293,0.8204294182927455,Out of Stock,0.44897959183673464
A,0.07062746286753561,0.1145416104653823,In Stock,0.7346938775510203
Unknown,0.8842073355562291,0.5207552497147244,In Stock,0.836734693877551
Unknown,0.7343639486713145,0.5207552497147244,In Stock,0.42857142857142855
Unknown,0.16661614630696173,0.05566135954229334,In Stock,0.6938775510204082
C,0.1033646559563504,0.46223033399611846,In Stock,0.8163265306122448
D,0.48267151662119834,0.5207552497147244,In Stock,0.5102040816326531
Unknown,0.34667070829544305,0.5207552497147244,In Stock,0.6122448979591836
D,0.40173790037385065,0.5207552497147244,In Stock,0.4693877551020408
C,0.5126806102859452,0.7740154438252932,Out of Stock,0.8163265306122448
Unknown,0.049712033949681725,0.9036629695071571,In Stock,0.836734693877551
Unknown,0.8735980600181873,0.5207552497147244,In Stock,0.9183673469387754
Unknown,0.9693846620187936,0.8425487396987629,In Stock,0.14285714285714285
B,0.22016772759422049,0.7361197034755049,Out of Stock,0.8163265306122448
Unknown,0.7602303728402546,0.5207552497147244,Out of Stock,0.5102040816326531
C,0.9612003637465898,0.461553341242967,In Stock,0.836734693877551
Unknown,0.15459230069718097,0.5207552497147244,Out of Stock,0.7959183673469387
Unknown,0.292209760533495,0.39914146503296577,Out of Stock,0.3061224489795918
Unknown,0.7891280185914923,0.655968750461656,Out of Stock,0.5102040816326531
Unknown,0.04031524704455896,0.5207552497147244,Out of Stock,0.5510204081632653
Unknown,0.8035768414671112,0.4234491549914028,In Stock,0.9591836734693877
Unknown,0.1461048802667475,0.5207552497147244,In Stock,0.6122448979591836
Unknown,0.1748004445791654,0.5207552497147244,In Stock,0.42857142857142855
D,0.7682125896736385,0.5207552497147244,Out of Stock,0.2040816326530612
Unknown,0.4945438011518642,0.47334290837285686,In Stock,0.6938775510204082
Unknown,0.5086389815095483,0.5849395035157816,In Stock,0.42857142857142855
D,0.7562897847832676,0.4625084121851437,In Stock,0.673469387755102
Unknown,0.4945438011518642,0.5207552497147244,In Stock,0.7551020408163265
D,0.15802768515711832,0.05780043107191407,Out of Stock,0.44897959183673464
D,0.8121653026169546,0.30977271090908975,In Stock,0.6326530612244897
Unknown,0.732343134283116,0.060320878255868016,In Stock,0.5102040816326531
Unknown,0.99979791856118,0.6698672172781708,Out of Stock,0.8979591836734693
Unknown,0.151965241992523,0.5207552497147244,In Stock,0.7142857142857142
Unknown,0.755784581186218,0.3255460919587162,Out of Stock,0.6938775510204082
B,0.6180660806304941,0.5207552497147244,Out of Stock,0.061224489795918366
Unknown,0.9823178741032635,0.5207552497147244,Out of Stock,0.24489795918367346
A,0.588360109123977,0.5954927760648792,In Stock,0.8775510204081632
D,0.3412145094473073,0.20029230413303756,In Stock,0.7959183673469387
B,0.44609477619480653,0.3060223036489522,In Stock,0.8775510204081632
Unknown,0.39709002728099424,0.5207552497147244,In Stock,0.18367346938775508
Unknown,0.7484086086692937,0.2025239168934555,In Stock,0.04081632653061224
B,0.10690108113569768,0.5910122623325729,Out of Stock,0.673469387755102
C,0.3876932403758715,0.5207552497147244,In Stock,0.3877551020408163
Unknown,0.6050318278266141,0.5207552497147244,In Stock,0.4081632653061224
Unknown,0.01838941093260584,0.9635693771726556,In Stock,0.673469387755102
Unknown,0.36142265332929174,0.2513502793177791,In Stock,0.5102040816326531
Unknown,0.8525815903809235,0.3433489962186621,In Stock,0.6938775510204082
C,0.9192684651914721,0.49418975379241203,In Stock,0.7346938775510203
B,0.3795089421036678,0.5207552497147244,In Stock,0.1020408163265306
Unknown,0.7395170253612205,0.5207552497147244,Out of Stock,0.5102040816326531
Unknown,0.4297261796503991,0.10248846868961897,Out of Stock,0.5714285714285714
Unknown,0.4205314741840962,0.14886199882096213,Out of Stock,0.04081632653061224
Unknown,0.23835505708800647,0.5207552497147244,Out of Stock,0.6122448979591836
C,0.4945438011518642,0.7619360486210672,In Stock,0.6530612244897959
Unknown,0.8338890572900879,0.5207552497147244,In Stock,0.673469387755102
Unknown,0.03435384459937355,0.7592445540799059,In Stock,0.08163265306122448
Unknown,0.14539759523087806,0.5207552497147244,In Stock,0.08163265306122448
D,0.19086591896534305,0.5207552497147244,In Stock,0.9795918367346939
Unknown,0.8487420430433464,0.5207552497147244,Out of Stock,0.02040816326530612
D,0.470142467414368,0.1267502037974299,Out of Stock,0.5102040816326531
Unknown,0.9510962918055976,0.5207552497147244,Out of Stock,0.4081632653061224
B,0.6803071637870062,0.744811204761489,In Stock,0.4897959183673469
Unknown,0.5408709710013135,0.2765741648397364,In Stock,0.3061224489795918
Unknown,0.9711023542487622,0.5207552497147244,Out of Stock,0.14285714285714285
D,0.0017176922299686776,0.7952180206235672,In Stock,0.0
Unknown,0.6942507830655754,0.270566784492542,In Stock,0.7959183673469387
A,0.4945438011518642,0.5207552497147244,Out of Stock,0.8571428571428571
D,0.8333838536930382,0.5207552497147244,In Stock,0.7346938775510203
B,0.4625644134586238,0.6505070081143204,In Stock,0.2040816326530612
B,0.6925330908356067,0.5207552497147244,In Stock,0.18367346938775508
Unknown,0.01424674143679903,0.2940417601871034,In Stock,0.12244897959183673
Unknown,0.13670809336162473,0.5207552497147244,Out of Stock,0.18367346938775508
Unknown,0.6888956249368495,0.6249653108479335,In Stock,0.42857142857142855
Unknown,0.6346367586137213,0.17864788737724957,Out of Stock,0.3469387755102041
Unknown,0.8529857532585632,0.5207552497147244,In Stock,0.5102040816326531
B,0.958472264322522,0.5207552497147244,In Stock,0.5306122448979591
D,0.98696574719612,0.952115813800004,In Stock,0.32653061224489793
Unknown,0.603718298474285,0.7784060576536117,In Stock,0.7346938775510203
D,0.7175911892492675,0.5207552497147244,Out of Stock,0.9591836734693877
Unknown,0.44841871274123474,0.5207552497147244,Out of Stock,0.8775510204081632
Unknown,0.9507931696473678,0.14423246192274902,In Stock,0.02040816326530612
B,0.1179145195513792,0.5207552497147244,In Stock,0.9795918367346939
Unknown,0.7200161665151056,0.5207552497147244,Out of Stock,0.26530612244897955
Unknown,0.8171162978680407,0.6032548386540627,In Stock,0.9183673469387754
Unknown,0.8946145296554511,0.5207552497147244,Out of Stock,0.5714285714285714
Unknown,0.1269071435788623,0.5207552497147244,Out of Stock,0.9591836734693877
Unknown,0.16409012832171366,0.16057075906989876,Out of Stock,0.26530612244897955
Unknown,0.7244619581691422,0.4254061997494728,Out of Stock,0.7551020408163265
Unknown,0.14640800242497728,0.5455381027992071,Out of Stock,0.4897959183673469
B,0.8749115893705163,0.043035291349527716,Out of Stock,0.2040816326530612
Unknown,0.32919066383752654,0.5840476035469787,Out of Stock,0.5102040816326531
B,0.6332221885419824,0.15816497366995363,In Stock,0.9183673469387754
Unknown,0.09942406789936344,0.5084841582532462,Out of Stock,0.24489795918367346
D,0.536324138627867,0.3771966027870771,In Stock,0.8979591836734693
B,0.9430130342528038,0.5207552497147244,Out of Stock,0.5714285714285714
Unknown,0.12943316156411036,0.5207552497147244,Out of Stock,0.673469387755102
A,0.7828634939880772,0.7725874073852238,In Stock,0.8979591836734693
Unknown,0.6422148125694654,0.8435621867904127,Out of Stock,0.8571428571428571
Unknown,0.24047691219561484,0.5207552497147244,In Stock,0.5510204081632653
Unknown,0.7586137213296958,0.6138745469809643,Out of Stock,0.36734693877551017
Unknown,0.45761341820753765,0.5207552497147244,In Stock,0.5510204081632653
Unknown,0.4122461351924826,0.6504810185114028,In Stock,0.3469387755102041
Unknown,0.45539052238051936,0.30190887486740703,In Stock,0.7551020408163265
Unknown,0.6240274830756795,0.2329055161919067,In Stock,0.7959183673469387
Unknown,0.3776902091542892,0.8949224252754561,Out of Stock,0.5102040816326531
Unknown,0.06860664847933717,0.7487192450729234,In Stock,0.2857142857142857
B,0.35758310599171467,0.6812576976858191,In Stock,0.6326530612244897
Unknown,0.6464585227846822,0.69616907856906,In Stock,0.2040816326530612
B,0.59735273315146,0.43535356439292805,In Stock,0.14285714285714285
Unknown,0.03293927452763464,0.6593105665335811,In Stock,0.24489795918367346
Unknown,0.8409619076487824,0.47691389505061343,In Stock,0.18367346938775508
Unknown,0.5666363544508437,0.14588380561139802,In Stock,0.9999999999999999
Unknown,0.8978478326765686,0.5207552497147244,Out of Stock,0.26530612244897955
C,0.8519753460644639,0.5207552497147244,In Stock,0.3061224489795918
Unknown,0.4945438011518642,0.5207552497147244,In Stock,0.02040816326530612
Unknown,0.6967768010508234,0.28721567346506993,In Stock,0.5102040816326531
Unknown,0.013135293523289888,0.5207552497147244,In Stock,0.5714285714285714
D,0.26785894715570374,0.6947441506029761,In Stock,0.2857142857142857
Unknown,0.3144387188036779,0.00261052553706681,In Stock,0.8571428571428571
D,0.1733858745074265,0.5207552497147244,Out of Stock,0.4693877551020408
Unknown,0.5643124179044154,0.8056267660566204,In Stock,0.9591836734693877
C,0.742851369101748,0.5207552497147244,In Stock,0.7142857142857142
C,0.3142366373648581,0.022688973706246063,In Stock,0.0
A,0.4063857734667071,0.5207552497147244,Out of Stock,0.18367346938775508
B,0.5031827826614125,0.7214812629488648,In Stock,0.7755102040816326
Unknown,0.21653026169546327,0.14555964522174047,In Stock,0.5102040816326531
Unknown,0.4945438011518642,0.5207552497147244,Out of Stock,0.32653061224489793
Unknown,0.48590481964231585,0.6550285938751179,In Stock,0.673469387755102
Unknown,0.30777003132262304,0.5207552497147244,In Stock,0.42857142857142855
Unknown,0.8447004142669495,0.8896181654844316,In Stock,0.061224489795918366
B,0.5650197029402849,0.9490509476584393,Out of Stock,0.9591836734693877
Unknown,0.2698797615439022,0.11394265304387274,Out of Stock,0.5102040816326531
D,0.13034252803879964,0.5207552497147244,In Stock,0.3877551020408163
Unknown,0.4945438011518642,0.5207552497147244,Out of Stock,0.5306122448979591
Unknown,0.34889360412246134,0.5207552497147244,In Stock,0.5102040816326531
Unknown,0.14802465393553604,0.5207552497147244,In Stock,0.36734693877551017
Unknown,0.5196524199252298,0.5207552497147244,In Stock,0.44897959183673464
Unknown,0.6941497423461654,0.7853051997211301,In Stock,0.2857142857142857
C,0.39395776497928664,0.5207552497147244,Out of Stock,0.42857142857142855
C,0.40264726684853996,0.5207552497147244,In Stock,0.08163265306122448
Unknown,0.6345357178943114,0.5207552497147244,In Stock,0.5102040816326531
Unknown,0.81802566434273,0.41932114903955353,In Stock,0.0
Unknown,0.4945438011518642,0.5207552497147244,Out of Stock,0.1020408163265306
Unknown,0.17803374760028293,0.5207552497147244,Out of Stock,0.7755102040816326
Unknown,0.3899161362028898,0.5811927220683527,Out of Stock,0.3469387755102041
Unknown,0.42578559159341217,0.5207552497147244,In Stock,0.5306122448979591
Unknown,0.705163180761847,0.35085405112298496,In Stock,0.2857142857142857
Unknown,0.9207840759826209,0.5513730278358827,Out of Stock,0.16326530612244897
Unknown,0.5351116499949479,0.5207552497147244,In Stock,0.5918367346938775
Unknown,0.1893503081741942,0.6962248294044036,In Stock,0.2040816326530612
D,0.2329998989592806,0.508240070704079,Out of Stock,0.4693877551020408
D,0.520763867838739,0.5207552497147244,Out of Stock,0.5510204081632653
Unknown,0.4945438011518642,0.5207552497147244,Out of Stock,0.9183673469387754
A,0.03021117510356674,0.5207552497147244,In Stock,0.3469387755102041
Unknown,0.923310093967869,0.5207552497147244,In Stock,0.4897959183673469
Unknown,0.17176922299686775,0.5207552497147244,In Stock,0.8571428571428571
Unknown,0.8899666565625947,0.8032183832349228,Out of Stock,0.8163265306122448
B,0.915630999292715,0.8819503240660983,In Stock,0.04081632653061224
Unknown,0.20814388198443973,0.31786611917033114,In Stock,0.7755102040816326
B,0.19187632615944228,0.5207552497147244,In Stock,0.5102040816326531
D,0.045468323734464994,0.6762585181035398,In Stock,0.2857142857142857
C,0.23340406183692028,0.28127220468154845,Out of Stock,0.5102040816326531
Unknown,0.6862685662321916,0.6622152390544269,In Stock,0.24489795918367346
B,0.3340406183692028,0.5207552497147244,Out of Stock,0.6938775510204082
Unknown,0.8314640800242498,0.09243399737453395,In Stock,0.16326530612244897
Unknown,0.5542083459634232,0.34365969387712214,In Stock,0.14285714285714285
A,0.5617863999191673,0.7597946499563962,Out of Stock,0.5102040816326531
Unknown,0.37880165706779834,0.33832335104300937,In Stock,0.32653061224489793
Unknown,0.7618470243508133,0.5207552497147244,In Stock,0.0
D,0.49216934424573106,0.822976733616353,In Stock,0.5102040816326531
A,0.11953117106193796,0.5800238291997466,In Stock,0.8775510204081632
Unknown,0.37657876124078005,0.5207552497147244,In Stock,0.5102040816326531
Unknown,0.3358593513185814,0.482174914622698,In Stock,0.0
Unknown,0.3540466808123674,0.5207552497147244,Out of Stock,0.5102040816326531
Unknown,0.5311710619379609,0.8415867142461714,In Stock,0.8571428571428571
Unknown,0.4945438011518642,0.5458334584481671,Out of Stock,0.24489795918367346
Unknown,0.27179953521269073,0.5207552497147244,Out of Stock,0.26530612244897955
C,0.7317368899666565,0.7489744797275393,In Stock,0.7959183673469387
C,0.3572799838334849,0.5207552497147244,In Stock,0.5102040816326531
D,0.13994139638274225,0.5207552497147244,In Stock,0.22448979591836732
B,0.6546428210568859,0.5207552497147244,In Stock,0.22448979591836732
Unknown,0.2439122966555522,0.5207552497147244,In Stock,0.18367346938775508
D,0.6631302414873194,0.5207552497147244,In Stock,0.4897959183673469
C,0.9617055673436394,0.5207552497147244,In Stock,0.04081632653061224
Unknown,0.048297463877942814,0.5207552497147244,In Stock,0.7755102040816326
Unknown,0.17540668889562494,0.5598349585521161,Out of Stock,0.9795918367346939
D,0.09699909063352531,0.5207552497147244,In Stock,0.8163265306122448
Unknown,0.7499242194604425,0.5207552497147244,Out of Stock,0.26530612244897955
B,0.2668485399616045,0.5207552497147244,Out of Stock,0.12244897959183673
Unknown,0.8556128119632211,0.23289352943879515,In Stock,0.673469387755102
Unknown,0.48307567949883806,0.5207552497147244,In Stock,0.18367346938775508
A,0.3472769526119026,0.5207552497147244,In Stock,0.836734693877551
Unknown,0.13206022026876832,0.5207552497147244,In Stock,0.26530612244897955
Unknown,0.9152268364150752,0.14651247574212062,In Stock,0.6530612244897959
C,0.31686369606951603,0.5207552497147244,In Stock,0.5102040816326531
B,0.9032029908052945,0.9301463409710639,Out of Stock,0.8571428571428571
Unknown,0.12256239264423562,0.2968239654598033,Out of Stock,0.14285714285714285
Unknown,0.43023138324744875,0.08915099384698105,Out of Stock,0.5714285714285714
Unknown,0.006365565322825098,0.3451186482610248,Out of Stock,0.5102040816326531
B,0.7449732242093563,0.0963166902097487,Out of Stock,0.8979591836734693
Unknown,0.7365868444983328,0.39915178145369956,In Stock,0.8163265306122448
Unknown,0.4410427402243104,0.9002613312905646,In Stock,0.9795918367346939
Unknown,0.027786197837728607,0.5207552497147244,In Stock,0.5510204081632653
B,0.2053147418409619,0.5293385670534878,Out of Stock,0.0
Unknown,0.6110942709912094,0.3034779182746069,In Stock,0.061224489795918366
Unknown,0.5332929170455694,0.10771667760676445,In Stock,0.2040816326530612
Unknown,0.5486511063958776,0.45302330583087325,In Stock,0.673469387755102
C,0.7932706880872992,0.43270292718801573,Out of Stock,0.9999999999999999
Unknown,0.9035061129635242,0.5207552497147244,In Stock,0.8571428571428571
Unknown,0.03566737395170254,0.6994292642269583,In Stock,0.42857142857142855
A,0.666262503789027,0.7538316820421204,In Stock,0.1020408163265306
Unknown,0.5070223299989896,0.6640461674750052,In Stock,0.1020408163265306
Unknown,0.35212690714357886,0.8845466119793736,In Stock,0.18367346938775508
Unknown,0.7598262099626149,0.5207552497147244,In Stock,0.9183673469387754
Unknown,0.0951803576841467,0.5207552497147244,In Stock,0.9999999999999999
Unknown,0.7645751237748812,0.4902024607417307,Out of Stock,0.6122448979591836
A,0.41942002627058705,0.9515643279875922,In Stock,0.4081632653061224
A,0.8190360715368293,0.26451777349901306,Out of Stock,0.5102040816326531
D,0.25047994341719715,0.5207552497147244,In Stock,0.6938775510204082
Unknown,0.5045973527331514,0.5659570469589187,Out of Stock,0.7346938775510203
Unknown,0.32706880872991817,0.8425184458685876,Out of Stock,0.18367346938775508
Unknown,0.26583813276750534,0.04809273422797178,In Stock,0.1020408163265306
Unknown,0.6898049914115388,0.08929952873215424,In Stock,0.8775510204081632
Unknown,0.2768515711831868,0.5207552497147244,Out of Stock,0.8979591836734693
Unknown,0.25967464888350006,0.3646974287971595,Out of Stock,0.8775510204081632
C,0.8334848944124482,0.5207552497147244,In Stock,0.4693877551020408
Unknown,0.3472769526119026,0.9387259004788749,Out of Stock,0.22448979591836732
B,0.8426795998787511,0.5207552497147244,In Stock,0.02040816326530612
Unknown,0.7067798322724057,0.44434236071484967,Out of Stock,0.9999999999999999
Unknown,0.2881681317570981,0.5207552497147244,In Stock,0.02040816326530612
Unknown,0.048499545316762656,0.8577734451347326,Out of Stock,0.6938775510204082
Unknown,0.6954632716984944,0.3426777227581026,Out of Stock,0.1020408163265306
D,0.34293220167727595,0.5934944953447232,In Stock,0.4693877551020408
C,0.972617965039911,0.5207552497147244,Out of Stock,0.8163265306122448
Unknown,0.9633222188541982,0.5207552497147244,In Stock,0.6122448979591836
Unknown,0.1943013034252804,0.17170511752593248,In Stock,0.02040816326530612
C,0.6301909669596847,0.8130503681975264,Out of Stock,0.3877551020408163
Unknown,0.8139840355663331,0.16775620356799914,In Stock,0.18367346938775508
Unknown,0.4945438011518642,0.04567420805475092,Out of Stock,0.9999999999999999
Unknown,0.7711427705365261,0.9074423521409857,Out of Stock,0.4693877551020408
Unknown,0.6758613721329696,0.23047997045416613,In Stock,0.9387755102040816
Unknown,0.5156107911488329,0.5207552497147244,In Stock,0.7551020408163265
C,0.6004849954531676,0.5207552497147244,In Stock,0.8571428571428571
A,0.2075376376679802,0.5207552497147244,Out of Stock,0.7346938775510203
Unknown,0.3991108416691927,0.5207552497147244,Out of Stock,0.0
Unknown,0.037385066181671214,0.36365076894901815,Out of Stock,0.5102040816326531
Unknown,0.12074365969485702,0.5207552497147244,In Stock,0.16326530612244897
Unknown,0.9666565625947257,0.8200022473856993,In Stock,0.16326530612244897
C,0.4145700717389108,0.5207552497147244,Out of Stock,0.4897959183673469
C,0.1524704455895726,0.5207552497147244,In Stock,0.18367346938775508
Unknown,0.35141962210770944,0.6457691282425643,In Stock,0.9183673469387754
Unknown,0.8568253005961403,0.4745931420871239,Out of Stock,0.3877551020408163
Unknown,0.820854804486208,0.5207552497147244,In Stock,0.6326530612244897
Unknown,0.6173587955946246,0.22226956476954252,In Stock,0.4081632653061224
Unknown,0.5149035061129635,0.29931073958541554,In Stock,0.5102040816326531
Unknown,0.027078912801859152,0.6634098880101396,In Stock,0.3877551020408163
A,0.3645549156309993,0.5207552497147244,In Stock,0.32653061224489793
D,0.5342022835202587,0.5207552497147244,In Stock,0.5102040816326531
D,0.5975548145902798,0.8840135091964997,In Stock,0.9387755102040816
Unknown,0.47367889259371526,0.5207552497147244,In Stock,0.7551020408163265
Unknown,0.3271698494493281,0.5207552497147244,In Stock,0.42857142857142855
D,0.18803677882186523,0.0030053726935775904,In Stock,0.16326530612244897
Unknown,0.19460442558351015,0.5207552497147244,Out of Stock,0.7755102040816326
D,0.96099828230777,0.5207552497147244,In Stock,0.673469387755102
Unknown,0.5712842275437001,0.2835469627230012,In Stock,0.7142857142857142
Unknown,0.43993129231080125,0.08577581845168286,Out of Stock,0.6326530612244897
Unknown,0.31241790441547945,0.1739479565898347,Out of Stock,0.9183673469387754
D,0.45023744569061336,0.5207552497147244,Out of Stock,0.836734693877551
Unknown,0.8492472466403961,0.30030116889907377,In Stock,0.5714285714285714
Unknown,0.559664544811559,0.5207552497147244,Out of Stock,0.9591836734693877
Unknown,0.724562998888552,0.5207552497147244,In Stock,0.5102040816326531
B,0.9125997777104172,0.5207552497147244,Out of Stock,0.4693877551020408
Unknown,0.4123471759118925,0.7052873103326944,In Stock,0.8163265306122448
D,0.32161260988178236,0.6433906773219968,In Stock,0.3061224489795918
Unknown,0.153278771344852,0.4502706525140192,Out of Stock,0.673469387755102
Unknown,0.7397191068000404,0.7143223692783944,Out of Stock,0.5714285714285714
D,0.7341618672324947,0.5207552497147244,In Stock,0.5102040816326531
Unknown,0.8154996463574821,0.5207552497147244,In Stock,0.5102040816326531
Unknown,0.2570475901788421,0.5207552497147244,In Stock,0.3061224489795918
D,0.06658583409113872,0.6099359480580878,In Stock,0.8163265306122448
A,0.007578053955744164,0.5207552497147244,In Stock,0.5102040816326531
Unknown,0.7107204203293928,0.5207552497147244,Out of Stock,0.24489795918367346
C,0.5563302010710316,0.14097111274354773,Out of Stock,0.5102040816326531
C,0.3984035566333232,0.4666912105267974,In Stock,0.4081632653061224
Unknown,0.9017884207335556,0.5207552497147244,Out of Stock,0.5714285714285714
Unknown,0.6863696069516014,0.6856356682533603,Out of Stock,0.14285714285714285
Unknown,0.6679801960189956,0.934112949272425,In Stock,0.26530612244897955
Unknown,0.7165807820551682,0.2499868861635559,Out of Stock,0.4081632653061224
A,0.21238759219965647,0.5207552497147244,In Stock,0.36734693877551017
D,0.20784075982620998,0.7023891741150502,Out of Stock,0.3469387755102041
A,0.35283419217944834,0.8060833669211808,In Stock,0.061224489795918366
A,0.1514600383954734,0.5207552497147244,Out of Stock,0.26530612244897955
Unknown,0.9907042538142872,0.5207552497147244,Out of Stock,0.5102040816326531
Unknown,0.053147418409619084,0.804602813347654,Out of Stock,0.7346938775510203
D,0.3189855511771244,0.34837447760059737,Out of Stock,0.6530612244897959
Unknown,0.19308881479236134,0.5207552497147244,In Stock,0.7551020408163265
Unknown,0.6867737698292411,0.3356414948546287,In Stock,0.2040816326530612
A,0.7007173891078105,0.5207552497147244,In Stock,0.9183673469387754
Unknown,0.3928463170657775,0.2368420589826164,Out of Stock,0.4693877551020408
Unknown,0.5952308780438517,0.1128079990121259,In Stock,0.22448979591836732
Unknown,0.31322623017075885,0.5207552497147244,In Stock,0.6122448979591836
Unknown,0.2393654642821057,0.5207552497147244,Out of Stock,0.836734693877551
Unknown,0.6628271193290896,0.29555997689523894,In Stock,0.673469387755102
A,0.29857532585632013,0.7694306079098027,In Stock,0.24489795918367346
C,0.9520056582802869,0.7867666152576899,Out of Stock,0.18367346938775508
Unknown,0.7031423663736486,0.20985098073191905,In Stock,0.36734693877551017
Unknown,0.9719106800040416,0.7091432357789239,In Stock,0.9183673469387754
B,0.7446701020511266,0.6448271609394738,In Stock,0.8571428571428571
Unknown,0.10124280084874204,0.9468868108348772,In Stock,0.12244897959183673
Unknown,0.9691825805799736,0.5207552497147244,In Stock,0.14285714285714285
Unknown,0.39981812670506217,0.5207552497147244,Out of Stock,0.2857142857142857
D,0.20773971910680006,0.5207552497147244,In Stock,0.8979591836734693
Unknown,0.957158734970193,0.7641396680607199,In Stock,0.8163265306122448
Unknown,0.17985248054966152,0.07087633909607116,Out of Stock,0.9591836734693877
A,0.06870768919874709,0.005338398762762597,In Stock,0.5102040816326531
Unknown,0.61028594523593,0.46150528129506585,In Stock,0.2040816326530612
Unknown,0.32141052844296253,0.5821915926259656,In Stock,0.36734693877551017
Unknown,0.42406789936344347,0.5207552497147244,In Stock,0.14285714285714285
Unknown,0.4945438011518642,0.5207552497147244,In Stock,0.18367346938775508
A,0.30635546125088414,0.5207552497147244,Out of Stock,0.4693877551020408
A,0.8186319086591897,0.5207552497147244,In Stock,0.12244897959183673
D,0.35465292512882696,0.7018456195875397,In Stock,0.5102040816326531
Unknown,0.06203900171769223,0.5207552497147244,In Stock,0.5510204081632653
D,0.7029402849348287,0.9132510625351263,Out of Stock,0.9999999999999999
B,0.2645246034151763,0.5207552497147244,In Stock,0.44897959183673464
A,0.6725270283924422,0.5207552497147244,Out of Stock,0.26530612244897955
Unknown,0.1487319389714055,0.5207552497147244,In Stock,0.44897959183673464
A,0.9706981913711226,0.9437607731093055,In Stock,0.5306122448979591
Unknown,0.11579266444377083,0.3772724094567903,Out of Stock,0.0
D,0.4957057694250783,0.26051257868837474,Out of Stock,0.3469387755102041
Unknown,0.8234818631908659,0.1547305234817251,In Stock,0.9183673469387754
Unknown,0.7135495604728705,0.8203001461455511,In Stock,0.4081632653061224
Unknown,0.3202990805294534,0.603793883143679,In Stock,0.42857142857142855
Unknown,0.7053652622006669,0.6328600231119614,In Stock,0.673469387755102
Unknown,0.6865716883904213,0.14351467661680212,In Stock,0.12244897959183673
Unknown,0.9481661109427099,0.2571160530603318,In Stock,0.32653061224489793
Unknown,0.7169849449328078,0.5207552497147244,In Stock,0.7959183673469387
Unknown,0.46216025058098414,0.6964913281158432,In Stock,0.7959183673469387
D,0.48075174295240986,0.25841254965824945,In Stock,0.3469387755102041
Unknown,0.4945438011518642,0.5207552497147244,Out of Stock,0.5306122448979591
Unknown,0.7028392442154188,0.5207552497147244,In Stock,0.5102040816326531
A,0.15257148630898254,0.3727137861440263,In Stock,0.061224489795918366
Unknown,0.09396786905122764,0.5207552497147244,In Stock,0.14285714285714285
B,0.45629988885520867,0.25243308366337336,Out of Stock,0.24489795918367346
Unknown,0.35798726886935434,0.5207552497147244,In Stock,0.8163265306122448
Unknown,0.2152167323431343,0.4031648413933927,Out of Stock,0.5102040816326531
A,0.9890876023037284,0.24778891663674862,In Stock,0.3877551020408163
Unknown,0.39951500454683236,0.5710602340889342,Out of Stock,0.3877551020408163
A,0.20763867838739014,0.5207552497147244,In Stock,0.8163265306122448
Unknown,0.2153177730625442,0.4721964136359139,In Stock,0.7959183673469387
Unknown,0.6663635445084368,0.5207552497147244,In Stock,0.1020408163265306
B,0.34424573102960493,0.6898906783130501,In Stock,0.673469387755102
Unknown,0.5385470344548853,0.6649336978115991,In Stock,0.26530612244897955
B,0.6968778417702334,0.5207552497147244,Out of Stock,0.673469387755102
Unknown,0.05264221481256947,0.2224844992342649,Out of Stock,0.24489795918367346
C,0.28271193290896235,0.5207552497147244,In Stock,0.3877551020408163
Unknown,0.50641608568253,0.5292550051108219,Out of Stock,0.4081632653061224
Unknown,0.3563706173587956,0.4874256087402371,Out of Stock,0.9591836734693877
Unknown,0.8775386480751742,0.12499650578757415,Out of Stock,0.9999999999999999
Unknown,0.777912498736991,0.3613024842984909,Out of Stock,0.42857142857142855
Unknown,0.5863392947357785,0.5207552497147244,Out of Stock,0.6326530612244897
C,0.6599979791856118,0.5207552497147244,Out of Stock,0.3061224489795918
D,0.053248459129029,0.5207552497147244,In Stock,0.04081632653061224
Unknown,0.17773062544205315,0.5207552497147244,In Stock,0.8979591836734693
A,0.4886329190663838,0.49484462763433446,In Stock,0.0
Unknown,0.4945438011518642,0.5207552497147244,Out of Stock,0.5714285714285714
Unknown,0.9215924017379004,0.5207552497147244,In Stock,0.36734693877551017
Unknown,0.14741840961907648,0.550368903607668,Out of Stock,0.0
Unknown,0.12134990401131655,0.5207552497147244,In Stock,0.08163265306122448
Unknown,0.2297665959381631,0.5207552497147244,Out of Stock,0.5102040816326531
Unknown,0.29018894614529656,0.9277640388579335,In Stock,0.7551020408163265
Unknown,0.49681721733858747,0.5207552497147244,In Stock,0.9387755102040816
Unknown,0.4788319692836213,0.4517082279085344,In Stock,0.673469387755102
C,0.6942507830655754,0.5405185622575257,Out of Stock,0.7959183673469387
C,0.741537839749419,0.5207552497147244,In Stock,0.3877551020408163
Unknown,0.7445690613317166,0.5207552497147244,Out of Stock,0.0
Unknown,0.8594523593007982,0.8093845239270171,In Stock,0.7142857142857142
Unknown,0.5571385268263109,0.7552130271600731,In Stock,0.1020408163265306
Unknown,0.7556835404668081,0.09644075291104526,In Stock,0.7346938775510203
Unknown,0.5010609275538042,0.5207552497147244,In Stock,0.8571428571428571
Unknown,0.5786602000606244,0.7571910562872953,Out of Stock,0.0
A,0.9812064261897544,0.5207552497147244,In Stock,0.5102040816326531
Unknown,0.9617055673436394,0.6574337659351541,Out of Stock,0.061224489795918366
Unknown,0.07305244013337374,0.5207552497147244,In Stock,0.2857142857142857
C,0.41628776396887945,0.9292115701725144,In Stock,0.04081632653061224
Unknown,0.542790744670102,0.5207552497147244,Out of Stock,0.8979591836734693
Unknown,0.6949580681014449,0.5207552497147244,Out of Stock,0.4081632653061224
C,0.8639991916742447,0.5207552497147244,In Stock,0.5510204081632653
A,0.7109225017682126,0.8060459825602567,Out of Stock,0.5102040816326531
Unknown,0.9012832171365059,0.5207552497147244,Out of Stock,0.673469387755102
B,0.40719409922198646,0.5207552497147244,In Stock,0.7959183673469387
D,0.035566333232292614,0.42280943480515,Out of Stock,0.6530612244897959
Unknown,0.828432858441952,0.5207552497147244,In Stock,0.3061224489795918
Unknown,0.2019803981004345,0.5207552497147244,In Stock,0.7142857142857142
Unknown,0.8300495099525108,0.5207552497147244,Out of Stock,0.836734693877551
C,0.08133777912498737,0.5207552497147244,Out of Stock,0.0
Unknown,0.5659290694149742,0.6934201346371192,In Stock,0.18367346938775508
Unknown,0.27786197837728605,0.20873543949220763,In Stock,0.061224489795918366
Unknown,0.8049914115388501,0.5207552497147244,In Stock,0.5102040816326531
Unknown,0.08174194200262705,0.3722511063526964,In Stock,0.7959183673469387
Unknown,0.02071334747903405,0.5207552497147244,In Stock,0.9387755102040816
A,0.07497221380216226,0.9661589618650416,In Stock,0.7959183673469387
B,0.5171264019399817,0.5207552497147244,In Stock,0.4081632653061224
C,0.2598767303223199,0.9359712777216339,In Stock,0.5102040816326531
Unknown,0.3157522481560069,0.5207552497147244,In Stock,0.061224489795918366
D,0.45387491158937054,0.6349926375967766,In Stock,0.6326530612244897
Unknown,0.4628675356168536,0.5207552497147244,In Stock,0.8163265306122448
D,0.12761442861473174,0.5207552497147244,In Stock,0.5918367346938775
Unknown,0.9671617661917753,0.5207552497147244,Out of Stock,0.8571428571428571
B,0.31171061937961,0.5207552497147244,In Stock,0.673469387755102
Unknown,0.793371728806709,0.8782598945459118,In Stock,0.04081632653061224
C,0.524603415176316,0.5423184757813437,Out of Stock,0.7755102040816326
Unknown,0.062342123875921994,0.5207552497147244,Out of Stock,0.4897959183673469
Unknown,0.846822269374558,0.18433266704539986,In Stock,0.5102040816326531
B,0.0036374658987572,0.5207552497147244,In Stock,0.42857142857142855
Unknown,0.11963221178134788,0.738810279838895,Out of Stock,0.3061224489795918
Unknown,0.6653531373143377,0.03214902858004992,In Stock,0.18367346938775508
D,0.7161766191775285,0.7147786018677392,Out of Stock,0.42857142857142855
C,0.4945438011518642,0.5207552497147244,In Stock,0.5102040816326531
D,0.33596039203799133,0.5207552497147244,Out of Stock,0.5102040816326531
B,0.4656966757603314,0.7076804056897955,In Stock,0.673469387755102
Unknown,0.4967161766191775,0.35707699850939434,In Stock,0.02040816326530612
Unknown,0.7030413256542386,0.7165922377608411,In Stock,0.02040816326530612
D,0.5970496109932303,0.5207552497147244,In Stock,0.5102040816326531
Unknown,0.4945438011518642,0.6786600845958874,In Stock,0.6122448979591836
Unknown,0.4837829645347075,0.5207552497147244,Out of Stock,0.3877551020408163
Unknown,0.44033545518844097,0.5207552497147244,In Stock,0.18367346938775508
Unknown,0.22309790845710822,0.5207552497147244,In Stock,0.7142857142857142
D,0.5718904718601596,0.9224462780463981,In Stock,0.9795918367346939
Unknown,0.6331211478225724,0.5207552497147244,Out of Stock,0.04081632653061224
Unknown,0.9810043447509346,0.5207552497147244,In Stock,0.5510204081632653
Unknown,0.044154794382136,0.5207552497147244,Out of Stock,0.32653061224489793
B,0.3807214307365869,0.8235751126935972,Out of Stock,0.42857142857142855
Unknown,0.9019905021723754,0.5207552497147244,In Stock,0.6326530612244897
Unknown,0.13438415681519653,0.8701195934853442,In Stock,0.6530612244897959
D,0.6096797009194705,0.10650591270665594,In Stock,0.5102040816326531
Unknown,0.6747499242194605,0.47632148813292763,In Stock,0.18367346938775508
Unknown,0.6971809639284632,0.5207552497147244,Out of Stock,0.3877551020408163
Unknown,0.4945438011518642,0.9316272389683539,In Stock,0.18367346938775508
Unknown,0.6773769829241184,0.5207552497147244,In Stock,0.6530612244897959
Unknown,0.8417702334040618,0.5207552497147244,Out of Stock,0.8163265306122448
Unknown,0.6640396079620087,0.25104342577600425,In Stock,0.9387755102040816
A,0.8267151662119834,0.0789650263702123,In Stock,0.6938775510204082
Unknown,0.05304637769020915,0.1985988247903025,Out of Stock,0.7346938775510203
Unknown,0.1388299484692331,0.5207552497147244,In Stock,0.02040816326530612
B,0.5594624633727392,0.720882308378029,Out of Stock,0.2857142857142857
B,0.7530564817621501,0.5207552497147244,In Stock,0.8775510204081632
C,0.7697282004647873,0.003911969159272499,In Stock,0.8775510204081632
C,0.17732646256441348,0.4692839762608092,In Stock,0.2857142857142857
Unknown,0.26189754471051835,0.5207552497147244,In Stock,0.5510204081632653
A,0.05001515610791149,0.5207552497147244,In Stock,0.7551020408163265
Unknown,0.49429119935333937,0.9286553141166513,In Stock,0.26530612244897955
Unknown,0.46084672122865517,0.5207552497147244,In Stock,0.6530612244897959
Unknown,0.9916136202889765,0.9157770026439814,In Stock,0.9795918367346939
Unknown,0.8242901889461453,0.20480940438539869,In Stock,0.8163265306122448
Unknown,0.3693038294432657,0.7020533204403634,Out of Stock,0.9795918367346939
Unknown,0.222087501263009,0.5207552497147244,In Stock,0.5102040816326531
D,0.5557239567545721,0.8974261621119549,In Stock,0.7346938775510203
Unknown,0.8627867030413257,0.5207552497147244,Out of Stock,0.22448979591836732
Unknown,0.5605739112862483,0.25100753869151204,In Stock,0.3469387755102041
Unknown,0.43346468626856627,0.5207552497147244,Out of Stock,0.673469387755102
Unknown,0.1997575022734162,0.12595437814865967,Out of Stock,0.9999999999999999
B,0.872789734262908,0.18952613680413066,Out of Stock,0.7551020408163265
D,0.49095685561281194,0.5207552497147244,In Stock,0.8979591836734693
Unknown,0.9729210871981409,0.11220262209689125,In Stock,0.9387755102040816
Unknown,0.8167121349904011,0.39324620796064746,In Stock,0.836734693877551
Unknown,0.41073052440133373,0.5207552497147244,Out of Stock,0.5102040816326531
Unknown,0.03849651409518036,0.5207552497147244,Out of Stock,0.24489795918367346
A,0.05920986157421441,0.5207552497147244,In Stock,0.061224489795918366
D,0.011922804890370819,0.5207552497147244,In Stock,0.673469387755102
Unknown,0.7553804183085783,0.5207552497147244,Out of Stock,0.3061224489795918
Unknown,0.40951803576841467,0.5207552497147244,In Stock,0.5714285714285714
A,0.4374052743255532,0.5207552497147244,Out of Stock,0.4693877551020408
Unknown,0.7359806001818733,0.8106630506545843,Out of Stock,0.7755102040816326
Unknown,0.4945438011518642,0.3272927035465846,Out of Stock,0.42857142857142855
Unknown,0.8900676972820046,0.5207552497147244,Out of Stock,0.5102040816326531
Unknown,0.22077397191068002,0.5348091967566945,In Stock,0.14285714285714285
D,0.8109528139840355,0.26806301482710637,In Stock,0.4897959183673469
Unknown,0.9888855208649086,0.15274472254665133,In Stock,0.9999999999999999
Unknown,0.03314135596645448,0.23384186927014972,In Stock,0.5102040816326531
A,0.07719510962918055,0.5452072219646144,In Stock,0.7551020408163265
Unknown,0.6409012832171365,0.5207552497147244,In Stock,0.3469387755102041
Unknown,0.7857936748509649,0.5551055181229114,In Stock,0.5306122448979591
Unknown,0.42103667778114584,0.434311849484583,In Stock,0.7346938775510203
B,0.509043144387188,0.3620354224917335,Out of Stock,0.3469387755102041
D,0.27179953521269073,0.6490591973598269,In Stock,0.4897959183673469
Unknown,0.40557744771142773,0.5207552497147244,Out of Stock,0.8163265306122448
Unknown,0.7009194705466303,0.5207552497147244,Out of Stock,0.42857142857142855
Unknown,0.05638072143073659,0.6839012523791207,In Stock,0.5102040816326531
Unknown,0.957057694250783,0.5207552497147244,In Stock,0.7142857142857142
Unknown,0.4945438011518642,0.580453450800293,Out of Stock,0.9999999999999999
Unknown,0.8117611397393149,0.27150566445494173,In Stock,0.5102040816326531
D,0.989491765181368,0.23555043276719556,In Stock,0.5102040816326531
Unknown,0.0045468323734465,0.5845523248715985,Out of Stock,0.5102040816326531
A,0.36283722340103064,0.5207552497147244,In Stock,0.1020408163265306
Unknown,0.11023542487622512,0.5207552497147244,In Stock,0.9999999999999999
B,0.0005052035970496121,0.3438762898777964,In Stock,0.5102040816326531
A,0.10599171466100839,0.8724880557171754,In Stock,0.4081632653061224
D,0.7658886531272102,0.24440664173037907,In Stock,0.4693877551020408
Unknown,0.5289481661109426,0.1718597461142478,In Stock,0.08163265306122448
Unknown,0.6676770738607658,0.5207552497147244,In Stock,0.673469387755102
C,0.4945438011518642,0.23478489653339812,Out of Stock,0.24489795918367346
Unknown,0.3249469536223098,0.5207552497147244,Out of Stock,0.7755102040816326
Unknown,0.09002728099424068,0.5207552497147244,Out of Stock,0.6938775510204082
Unknown,0.26816206931393355,0.5207552497147244,In Stock,0.0
Unknown,0.9561483277760937,0.14123973075811552,In Stock,0.22448979591836732
Unknown,0.6147317368899666,0.5207552497147244,In Stock,0.5102040816326531
D,0.6668687481054865,0.5207552497147244,In Stock,0.5102040816326531
A,0.622006668687481,0.5207552497147244,Out of Stock,0.16326530612244897
Unknown,0.7654844902495705,0.8008628362288391,Out of Stock,0.9999999999999999
A,0.596039203799131,0.5207552497147244,In Stock,0.9591836734693877
D,0.518035768414671,0.5207552497147244,Out of Stock,0.7551020408163265
Unknown,0.04354855006567647,0.5207552497147244,In Stock,0.5102040816326531
D,0.01657067798322724,0.5207552497147244,In Stock,0.6122448979591836
Unknown,0.5724967161766191,0.5207552497147244,Out of Stock,0.3469387755102041
Unknown,0.6967768010508234,0.5207552497147244,In Stock,0.9591836734693877
Unknown,0.9353339395776498,0.5207552497147244,In Stock,0.32653061224489793
C,0.5327877134485197,0.34819121899753724,Out of Stock,0.9591836734693877
Unknown,0.672628069111852,0.5207552497147244,Out of Stock,0.2857142857142857
Unknown,0.3205011619682732,0.5207552497147244,Out of Stock,0.4081632653061224
Unknown,0.6611094270991209,0.7725634808299676,In Stock,0.5102040816326531
A,0.8120642618975447,0.5207552497147244,In Stock,0.673469387755102
Unknown,0.053551581287258766,0.5207552497147244,In Stock,0.4081632653061224
Unknown,0.16540365767404264,0.2417575922625455,In Stock,0.1020408163265306
A,0.7458825906840456,0.5865862517167574,In Stock,0.8163265306122448
Unknown,0.40436495907850867,0.7526814509850236,In Stock,0.12244897959183673
Unknown,0.014549863595028798,0.09035679067567459,Out of Stock,0.9183673469387754
Unknown,0.7147620491057896,0.6008210364052489,In Stock,0.3469387755102041
Unknown,0.8548044862079418,0.5207552497147244,In Stock,0.0
Unknown,0.6639385672425987,0.815644707293994,In Stock,0.6530612244897959
Unknown,0.1670203091846014,0.8880386862821518,In Stock,0.9591836734693877
Unknown,0.6326159442255228,0.5207552497147244,Out of Stock,0.26530612244897955
B,0.33020107103162577,0.5207552497147244,In Stock,0.9795918367346939
A,0.48125694654945944,0.5207552497147244,In Stock,0.836734693877551
Unknown,0.6621198342932201,0.5207552497147244,In Stock,0.8775510204081632
C,0.3518237849853491,0.16692713740357767,In Stock,0.5306122448979591
Unknown,0.7963019096695968,0.5944485632696829,Out of Stock,0.4897959183673469
A,0.3526321107406285,0.699598600294535,Out of Stock,0.7142857142857142
A,0.07931696473678893,0.7499971278946479,Out of Stock,0.0
D,0.6303930483985045,0.6409197942480818,Out of Stock,0.24489795918367346
Unknown,0.9162372436091745,0.5207552497147244,Out of Stock,0.6122448979591836
B,0.6531272102657371,0.5207552497147244,In Stock,0.7959183673469387
D,0.7528544003233303,0.7977482252218372,Out of Stock,0.32653061224489793
B,0.9497827624532686,0.9582180099977763,In Stock,0.9999999999999999
C,0.6224108315651207,0.4897173302535198,Out of Stock,0.5918367346938775
A,0.3440436495907851,0.5207552497147244,In Stock,0.5102040816326531
C,0.7461857128422754,0.5207552497147244,In Stock,0.18367346938775508
Unknown,0.75315752248156,0.5207552497147244,Out of Stock,0.3877551020408163
Unknown,0.431241790441548,0.4563322499277235,In Stock,0.4897959183673469
Unknown,0.9082550267757906,0.29235401808873274,In Stock,0.5102040816326531
C,0.3165605739112863,0.15712708044586743,Out of Stock,0.18367346938775508
A,0.28968374254824697,0.2721107203027635,In Stock,0.4693877551020408
B,0.9413963827422451,0.5207552497147244,In Stock,0.6530612244897959
D,0.712943316156411,0.8879183693689455,In Stock,0.4081632653061224
Unknown,0.4236637364858038,0.7198410478970958,In Stock,0.5102040816326531
Unknown,0.046074568050924525,0.5207552497147244,In Stock,0.4693877551020408
Unknown,0.9331110437506315,0.5207552497147244,In Stock,0.26530612244897955
A,0.5020713347479033,0.63792461481422,In Stock,0.5306122448979591
Unknown,0.1457007173891078,0.9924214412719291,Out of Stock,0.061224489795918366
Unknown,0.8847125391532787,0.903743547473394,In Stock,0.6938775510204082
Unknown,0.09629180559765585,0.3482242850914543,Out of Stock,0.2040816326530612
A,0.32615944225522886,0.4808041993677493,In Stock,0.3469387755102041
Unknown,0.6735374355865413,0.5207552497147244,In Stock,0.02040816326530612
A,0.07891280185914923,0.5207552497147244,Out of Stock,0.8571428571428571
Unknown,0.24371021521673236,0.889993404171291,In Stock,0.8163265306122448
Unknown,0.4724664039607962,0.8446195120360228,Out of Stock,0.3469387755102041
Unknown,0.10993230271799535,0.5207552497147244,Out of Stock,0.04081632653061224
Unknown,0.9788824896433262,0.5827511006328749,In Stock,0.4693877551020408
Unknown,0.6710114176012932,0.42941826326908794,In Stock,0.8979591836734693
D,0.6445387491158937,0.7023100044827376,Out of Stock,0.8775510204081632
Unknown,0.6046276649489744,0.8658343420534681,In Stock,0.04081632653061224
A,0.39517025361220576,0.5207552497147244,Out of Stock,0.9387755102040816
Unknown,0.7279983833484894,0.5207552497147244,In Stock,0.2857142857142857
Unknown,0.27594220470849756,0.6354716389388506,Out of Stock,0.5102040816326531
Unknown,0.47984237647772054,0.8894248120463856,In Stock,0.32653061224489793
Unknown,0.494897443669799,0.5207552497147244,Out of Stock,0.22448979591836732
Unknown,0.07689198747095079,0.5207552497147244,In Stock,0.6122448979591836
D,0.40335455188440944,0.48210153767906105,Out of Stock,0.5102040816326531
A,0.01333737496210973,0.7396829672357804,In Stock,0.4897959183673469
D,0.3868849146205921,0.5207552497147244,Out of Stock,0.6938775510204082
Unknown,0.5656259472567444,0.5207552497147244,In Stock,0.7346938775510203
Unknown,0.36839446296857636,0.5207552497147244,Out of Stock,0.5714285714285714
Unknown,0.14438718803677883,0.2927677923301061,Out of Stock,0.02040816326530612
Unknown,0.6653531373143377,0.5207552497147244,Out of Stock,0.5102040816326531
D,0.7574012326967767,0.5207552497147244,Out of Stock,0.5510204081632653
Unknown,0.36657573001919774,0.09954219332214326,In Stock,0.0
Unknown,0.8564211377185005,0.5207552497147244,In Stock,0.9795918367346939
B,0.08608669293725371,0.5310151976444103,In Stock,0.4081632653061224
Unknown,0.016873800141457007,0.5207552497147244,Out of Stock,0.9999999999999999
Unknown,0.718197433565727,0.441425725329465,Out of Stock,0.2857142857142857
Unknown,0.9483681923815297,0.5207552497147244,In Stock,0.5102040816326531
Unknown,0.4449833282812974,0.5207552497147244,In Stock,0.836734693877551
C,0.3386884914620592,0.5207552497147244,In Stock,0.7142857142857142
Unknown,0.32605840153581894,0.12922558505668647,Out of Stock,0.5306122448979591
Unknown,0.8852177427503284,0.5207552497147244,Out of Stock,0.9795918367346939
Unknown,0.7287056683843589,0.7780613119776453,In Stock,0.5102040816326531
Unknown,0.942810952813984,0.9205428802871155,Out of Stock,0.0
Unknown,0.9714054764069919,0.9414414936367396,In Stock,0.836734693877551
D,0.5642113771850055,0.9308584060926307,In Stock,0.4897959183673469
Unknown,0.3723350510255633,0.9515013020271054,In Stock,0.0
D,0.9249267454784278,0.5207552497147244,Out of Stock,0.16326530612244897
Unknown,0.7316358492472466,0.5207552497147244,In Stock,0.5102040816326531
Unknown,0.5449125997777103,0.36967417385244017,In Stock,0.9591836734693877
Unknown,0.31474184096190766,0.5207552497147244,Out of Stock,0.16326530612244897
Unknown,0.250682024856017,0.9916809021157008,Out of Stock,0.12244897959183673
Unknown,0.9197736687885217,0.5207552497147244,In Stock,0.9183673469387754
A,0.510356673739517,0.5207552497147244,In Stock,0.5918367346938775
B,0.48752147115287464,0.5207552497147244,Out of Stock,0.3469387755102041
A,0.38112559361422654,0.5668026774038704,In Stock,0.0
Unknown,0.9429119935333939,0.22725088178145764,Out of Stock,0.061224489795918366
B,0.9201778316661614,0.0713335839309378,In Stock,0.3061224489795918
C,0.9539254319490754,0.5207552497147244,In Stock,0.7346938775510203
C,0.3718298474285137,0.5207552497147244,In Stock,0.3061224489795918
A,0.6775790643629382,0.6456572438320751,In Stock,0.9999999999999999
Unknown,0.4945438011518642,0.5207552497147244,In Stock,0.14285714285714285
D,0.1070021218551076,0.9691655178773816,Out of Stock,0.6122448979591836
C,0.0073759725169243225,0.6870798006990967,In Stock,0.8163265306122448
Unknown,0.8575325856320096,0.10385012207088729,In Stock,0.6326530612244897
Unknown,0.46317065777508337,0.8137536074916042,In Stock,0.1020408163265306
A,0.4149742346165505,0.21008843493017726,In Stock,0.8979591836734693
Unknown,0.22582600788117613,0.40226058386859,Out of Stock,0.5102040816326531
Unknown,0.9231080125290492,0.5207552497147244,In Stock,0.7959183673469387
Unknown,0.4566030110134384,0.5207552497147244,In Stock,0.5102040816326531
C,0.8431848034758007,0.8820335560160387,Out of Stock,0.4081632653061224
C,0.959785793674851,0.05798695669735149,Out of Stock,0.5918367346938775
B,0.6476710114176013,0.27470066348526767,In Stock,0.6938775510204082
Unknown,0.26886935434980297,0.5207552497147244,Out of Stock,0.836734693877551
B,0.6447408305547135,0.03245381397543534,Out of Stock,0.24489795918367346
Unknown,0.6757603314135596,0.5207552497147244,In Stock,0.5306122448979591
Unknown,0.23552591694452865,0.5207552497147244,In Stock,0.32653061224489793
Unknown,0.9020915428917854,0.5207552497147244,In Stock,0.6530612244897959
C,0.18732949378599575,0.9919353297682038,In Stock,0.6326530612244897
B,0.4199252298676367,0.5207552497147244,In Stock,0.6938775510204082
Unknown,0.20996261493381835,0.06916426580719504,Out of Stock,0.5102040816326531
C,0.2998888552086491,0.5207552497147244,Out of Stock,0.9387755102040816
Unknown,0.27725573406082654,0.4696692315817511,Out of Stock,0.5714285714285714
Unknown,0.5516823279781752,0.5785982189880889,In Stock,0.12244897959183673
Unknown,0.08002424977265837,0.5207552497147244,Out of Stock,0.04081632653061224
Unknown,0.6709103768818834,0.5207552497147244,Out of Stock,0.22448979591836732
C,0.47671011417601294,0.44325955329705646,In Stock,0.9183673469387754
Unknown,0.6320096999090633,0.0830284604347925,In Stock,0.1020408163265306
Unknown,0.9189653430332424,0.6459355692263294,Out of Stock,0.7142857142857142
B,0.7210265737092048,0.5207552497147244,In Stock,0.3061224489795918
Unknown,0.03465696675760332,0.6864753183546473,Out of Stock,0.26530612244897955
C,0.9245225826007881,0.5207552497147244,In Stock,0.5102040816326531
A,0.2890774982317874,0.5207552497147244,Out of Stock,0.12244897959183673
Unknown,0.8251995554208346,0.5207552497147244,In Stock,0.8979591836734693
C,0.7188036778821865,0.880987943391118,In Stock,0.7755102040816326
Unknown,0.24815600687076894,0.5207552497147244,Out of Stock,0.02040816326530612
A,0.6666666666666666,0.43458232489047066,In Stock,0.8571428571428571
Unknown,0.6717187026371627,0.7850903882914896,Out of Stock,0.26530612244897955
Unknown,0.6449429119935334,0.7511903063520394,In Stock,0.8163265306122448
Unknown,0.8182277457815499,0.5258612370799097,In Stock,0.12244897959183673
Unknown,0.48347984237647773,0.5207552497147244,Out of Stock,0.36734693877551017
C,0.31777306254420534,0.5207552497147244,In Stock,0.8979591836734693
Unknown,0.672729109831262,0.5207552497147244,In Stock,0.12244897959183673
Unknown,0.10205112660402142,0.5207552497147244,Out of Stock,0.6938775510204082
D,0.4469031019500859,0.6517801716109588,In Stock,0.5102040816326531
Unknown,0.6286753561685359,0.39778120734665723,Out of Stock,0.2040816326530612
Unknown,0.6239264423562695,0.2811520114763978,In Stock,0.061224489795918366
Unknown,0.11579266444377083,0.5207552497147244,Out of Stock,0.1020408163265306
Unknown,0.4191169041123573,0.9835207593748568,In Stock,0.6122448979591836
D,0.5708800646660603,0.2533149921011756,Out of Stock,0.08163265306122448
D,0.45124785288471253,0.5207552497147244,In Stock,0.9591836734693877
A,0.9089623118116601,0.45834793024748255,Out of Stock,0.836734693877551
Unknown,0.9684752955441043,0.6477441772327873,In Stock,0.5102040816326531
Unknown,0.010407194099221988,0.5207552497147244,Out of Stock,0.4897959183673469
A,0.6271597453773871,0.6574406152459941,In Stock,0.8979591836734693
Unknown,0.6239264423562695,0.5207552497147244,Out of Stock,0.1020408163265306
A,0.3213094877235526,0.5207552497147244,In Stock,0.7755102040816326
Unknown,0.4251793472769526,0.9086876520370594,In Stock,0.04081632653061224
B,0.4320501161968273,0.5207552497147244,Out of Stock,0.7551020408163265
Unknown,0.4945438011518642,0.23685034939250027,In Stock,0.9795918367346939
Unknown,0.37809437203192886,0.10034154254651007,In Stock,0.12244897959183673
D,0.8307567949883803,0.5207552497147244,In Stock,0.061224489795918366
Unknown,0.023946650500151566,0.9666014027858368,In Stock,0.44897959183673464
Unknown,0.7136506011922804,0.5207552497147244,Out of Stock,0.42857142857142855
Unknown,0.39122966555521876,0.5207552497147244,In Stock,0.9999999999999999
D,0.9530160654743861,0.11707072182831957,Out of Stock,0.061224489795918366
A,0.436394867131454,0.5207552497147244,In Stock,0.4693877551020408
Unknown,0.35525916944528646,0.6194038803185423,In Stock,0.3061224489795918
Unknown,0.372739213903203,0.45926315766451054,In Stock,0.4081632653061224
Unknown,0.33434374052743254,0.5207552497147244,In Stock,0.5510204081632653
C,0.997473982014752,0.5207552497147244,Out of Stock,0.18367346938775508
A,0.47135495604728705,0.15535941012004406,In Stock,0.6122448979591836
C,0.37981206426189756,0.5207552497147244,In Stock,0.5306122448979591
Unknown,0.5763362635141962,0.5207552497147244,Out of Stock,0.9183673469387754
Unknown,0.40941699504900475,0.5207552497147244,Out of Stock,0.5102040816326531
D,0.4152773567747802,0.5207552497147244,In Stock,0.2857142857142857
Unknown,0.7286046276649489,0.2846352950945267,In Stock,0.4693877551020408
A,0.1992522986763666,0.5207552497147244,In Stock,0.7755102040816326
Unknown,0.43983025159139133,0.5207552497147244,In Stock,0.26530612244897955
Unknown,0.7081944023441447,0.5207552497147244,Out of Stock,0.3061224489795918
Unknown,0.088309588764272,0.5207552497147244,Out of Stock,0.24489795918367346
Unknown,0.5281398403556633,0.5207552497147244,In Stock,0.5714285714285714
C,0.20319288673335356,0.5207552497147244,Out of Stock,0.8979591836734693
D,0.7844801454986359,0.863896342760886,Out of Stock,0.0
C,0.4945438011518642,0.5207552497147244,In Stock,0.6122448979591836
Unknown,0.15853288875416793,0.5930916275652403,In Stock,0.14285714285714285
A,0.6352430029301809,0.5207552497147244,In Stock,0.24489795918367346
Unknown,0.3747600282914014,0.5207552497147244,In Stock,0.3877551020408163
A,0.6543396988986561,0.46909634507519116,Out of Stock,0.7551020408163265
Unknown,0.914216429220976,0.2923905075362393,Out of Stock,0.12244897959183673
Unknown,0.9490754774173992,0.9893567171060978,In Stock,0.7346938775510203
Unknown,0.8616752551278165,0.5207552497147244,Out of Stock,0.14285714285714285
Unknown,0.7341618672324947,0.3048792487065153,In Stock,0.4693877551020408
Unknown,0.7885217742750328,0.5207552497147244,In Stock,0.5102040816326531
Unknown,0.9724158836010912,0.3193126787047694,Out of Stock,0.4081632653061224
D,0.7733656663635444,0.5207552497147244,In Stock,0.14285714285714285
Unknown,0.03799131049813075,0.10296064038264302,In Stock,0.8571428571428571
Unknown,0.11761139739314942,0.3147048597521097,Out of Stock,0.5102040816326531
Unknown,0.22410831565120745,0.5207552497147244,Out of Stock,0.7959183673469387
Unknown,0.11639890876023036,0.09775168256256928,In Stock,0.4897959183673469
Unknown,0.42406789936344347,0.5207552497147244,Out of Stock,0.7142857142857142
Unknown,0.1828837021319592,0.5207552497147244,In Stock,0.836734693877551
B,0.6160452662422956,0.5207552497147244,Out of Stock,0.0
A,0.34970192987774074,0.6291876477007543,Out of Stock,0.9183673469387754
Unknown,0.025462261291300393,0.40695665245758406,In Stock,0.7346938775510203
C,0.2738203496008892,0.6453588776398189,In Stock,0.0
Unknown,0.24148731938971407,0.2738359662059414,In Stock,0.32653061224489793
Unknown,0.5189451348893603,0.5207552497147244,In Stock,0.9183673469387754
Unknown,0.23370718399515006,0.5207552497147244,In Stock,0.36734693877551017
Unknown,0.9607962008689501,0.9782584980017063,Out of Stock,0.7755102040816326
B,0.9876730322319894,0.3647852654292769,In Stock,0.7551020408163265
B,0.4741840961907649,0.7531892214155042,In Stock,0.32653061224489793
Unknown,0.9559462463372739,0.7329537554287199,Out of Stock,0.7755102040816326
Unknown,0.10639587753864807,0.7635640186327205,In Stock,0.6122448979591836
Unknown,0.08548044862079418,0.5207552497147244,Out of Stock,0.7959183673469387
B,0.6409012832171365,0.11482300626744546,Out of Stock,0.6326530612244897
D,0.358492472466404,0.9584562567917873,In Stock,0.6326530612244897
Unknown,0.4945438011518642,0.5207552497147244,In Stock,0.8571428571428571
B,0.5117712438112559,0.8130796668314365,In Stock,0.6326530612244897
Unknown,0.29231080125290493,0.13758447374143845,In Stock,0.7142857142857142
Unknown,0.6541376174598362,0.2261301389341887,Out of Stock,0.061224489795918366
Unknown,0.5231888451045771,0.12444811700159197,In Stock,0.9183673469387754
B,0.3326260482974639,0.4632760969927169,Out of Stock,0.22448979591836732
Unknown,0.71425684550874,0.3857312621276504,In Stock,0.08163265306122448
Unknown,0.8105486511063958,0.5207552497147244,Out of Stock,0.8163265306122448
Unknown,0.41800545619884816,0.5207552497147244,Out of Stock,0.16326530612244897
Unknown,0.7568960290997272,0.5554322609954878,Out of Stock,0.8163265306122448
Unknown,0.4754976255430939,0.5207552497147244,Out of Stock,0.3877551020408163
B,0.4748913812266343,0.5207552497147244,Out of Stock,0.6326530612244897
Unknown,0.04011316560573912,0.41764784133262256,In Stock,0.5102040816326531
Unknown,0.6488835000505203,0.5207552497147244,Out of Stock,0.3061224489795918
D,0.48347984237647773,0.2685653705592702,Out of Stock,0.5306122448979591
C,0.19985854299282613,0.10020892735227543,In Stock,0.5510204081632653
Unknown,0.5215721935940183,0.5207552497147244,In Stock,0.673469387755102
Unknown,0.7805395574416489,0.7689274022390508,In Stock,0.8571428571428571
D,0.8784480145498635,0.5207552497147244,Out of Stock,0.7755102040816326
Unknown,0.6691926846519147,0.5302399247087252,In Stock,0.836734693877551
Unknown,0.5380418308578356,0.1941560314148606,Out of Stock,0.7551020408163265
Unknown,0.4583207032434071,0.4803236580453836,In Stock,0.16326530612244897
Unknown,0.35738102455289483,0.39584888209952596,Out of Stock,0.4693877551020408
Unknown,0.4518540972011721,0.5128274282959058,In Stock,0.18367346938775508
Unknown,0.13185813882994848,0.4229992552443129,In Stock,0.44897959183673464
A,0.03576841467111246,0.026561581393533373,Out of Stock,0.7142857142857142
D,0.6872789734262907,0.5207552497147244,In Stock,0.3469387755102041
Unknown,0.6620187935738102,0.5207552497147244,In Stock,0.9183673469387754
A,0.18379306860664849,0.8502048398539929,Out of Stock,0.8775510204081632
Unknown,0.30019197736687886,0.5207552497147244,Out of Stock,0.7142857142857142
Unknown,0.47125391532787714,0.5167954358987675,In Stock,0.836734693877551
Unknown,0.5004546832373447,0.5207552497147244,In Stock,0.8979591836734693
Unknown,0.3996160452662423,0.427163995506456,Out of Stock,0.12244897959183673
A,0.43619278569263414,0.7079233886117875,Out of Stock,0.5918367346938775
B,0.4945438011518642,0.9899494167880226,In Stock,0.7755102040816326
Unknown,0.0879054258866323,0.670414716078571,Out of Stock,0.5510204081632653
Unknown,0.8846114984338688,0.8695840511779319,In Stock,0.9591836734693877
Unknown,0.1815701727796302,0.9940872978981526,Out of Stock,0.8775510204081632
Unknown,0.9576639385672425,0.4613279326318218,In Stock,0.5918367346938775
Unknown,0.4945438011518642,0.5207552497147244,Out of Stock,0.5102040816326531
D,0.48681418611700517,0.5207552497147244,In Stock,0.9795918367346939
D,0.8015560270789127,0.9509863150843932,Out of Stock,0.3469387755102041
A,0.2966555521875316,0.06669181710547906,Out of Stock,0.4081632653061224
B,0.2410831565120744,0.37209524242055003,In Stock,0.9591836734693877
Unknown,0.1642922097605335,0.5207552497147244,In Stock,0.3877551020408163
Unknown,0.7790239466505001,0.7591090906449413,Out of Stock,0.9591836734693877
A,0.4945438011518642,0.7373007560843332,In Stock,0.9183673469387754
Unknown,0.9120945741133677,0.48826686702189015,In Stock,0.22448979591836732
Unknown,0.20006062443164596,0.9585855911797702,In Stock,0.16326530612244897
A,0.8639991916742447,0.3746665763994378,In Stock,0.6326530612244897
Unknown,0.4945438011518642,0.8458333431401431,Out of Stock,0.04081632653061224
C,0.5346064463978983,0.5207552497147244,Out of Stock,0.12244897959183673
Unknown,0.431241790441548,0.8607297487126851,In Stock,0.3877551020408163
C,0.7188036778821865,0.5207552497147244,In Stock,0.9591836734693877
Unknown,0.4945438011518642,0.5207552497147244,In Stock,0.16326530612244897
D,0.4800444579165404,0.5207552497147244,Out of Stock,0.1020408163265306
Unknown,0.26139234111346876,0.9932302122220119,In Stock,0.8979591836734693
Unknown,0.34828735980600184,0.3289303981529267,In Stock,0.7755102040816326
Unknown,0.667474992421946,0.5207552497147244,Out of Stock,0.9795918367346939
C,0.4945438011518642,0.017906157182120297,Out of Stock,0.5918367346938775
Unknown,0.07082954430635546,0.5207552497147244,In Stock,0.02040816326530612
B,0.27008184298272203,0.5207552497147244,In Stock,0.8775510204081632
A,0.7577043548550065,0.47032809640644313,Out of Stock,0.5306122448979591
Unknown,0.8742043043346468,0.5367651736794565,Out of Stock,0.5510204081632653
B,0.6911185207638678,0.5207552497147244,In Stock,0.02040816326530612
Unknown,0.7773062544205315,0.5207552497147244,In Stock,0.24489795918367346
Unknown,0.6852581590380923,0.5207552497147244,In Stock,0.5918367346938775
Unknown,0.5333939577649792,0.5207552497147244,In Stock,0.8979591836734693
Unknown,0.654541780337476,0.5207552497147244,In Stock,0.9591836734693877
A,0.43710215216732345,0.7143823527294132,In Stock,0.7755102040816326
Unknown,0.40476912195614834,0.13391213839727895,In Stock,0.22448979591836732
Unknown,0.13094877235525917,0.6790720831385636,In Stock,0.2857142857142857
B,0.3672830150550672,0.5207552497147244,In Stock,0.6530612244897959
D,0.48438920885116704,0.6068691588172864,Out of Stock,0.836734693877551
Unknown,0.6989996968778417,0.36246942599644527,In Stock,0.02040816326530612
A,0.7020309184601394,0.5207552497147244,In Stock,0.8775510204081632
Unknown,0.8086288774376074,0.9087405267110621,In Stock,0.3469387755102041
Unknown,0.733656663635445,0.080218554114932,In Stock,0.5102040816326531
Unknown,0.793472769526119,0.5207552497147244,Out of Stock,0.36734693877551017
Unknown,0.6301909669596847,0.5207552497147244,Out of Stock,0.24489795918367346
D,0.5365262200666868,0.7976496825166516,Out of Stock,0.26530612244897955
B,0.6291805597655855,0.5207552497147244,In Stock,0.3469387755102041
Unknown,0.20955845205617865,0.5207552497147244,In Stock,0.8775510204081632
Unknown,0.4945438011518642,0.5207552497147244,In Stock,0.02040816326530612
A,0.629786804082045,0.05863841547046533,In Stock,0.673469387755102
Unknown,0.23916338284328587,0.5207552497147244,In Stock,0.1020408163265306
Unknown,0.4910578963322219,0.5207552497147244,In Stock,0.8979591836734693
Unknown,0.057290087905425884,0.7008394862084617,In Stock,0.32653061224489793
Unknown,0.22138021622713955,0.45227957970823107,In Stock,0.3061224489795918
Unknown,0.29241184197231485,0.5207552497147244,In Stock,0.6530612244897959
Unknown,0.05304637769020915,0.5207552497147244,In Stock,0.5102040816326531
Unknown,0.3196928362129938,0.9139856896062425,In Stock,0.16326530612244897
Unknown,0.9366474689299787,0.18127787637874737,In Stock,0.5102040816326531
Unknown,0.6725270283924422,0.8994119691803414,Out of Stock,0.14285714285714285
Unknown,0.7685157118318682,0.5207552497147244,In Stock,0.9183673469387754
Unknown,0.253208042841265,0.5207552497147244,In Stock,0.12244897959183673
Unknown,0.4132565423865818,0.5207552497147244,Out of Stock,0.9591836734693877
Unknown,0.8257047590178842,0.5207552497147244,In Stock,0.5102040816326531
Unknown,0.45478427806405985,0.20905006029168788,In Stock,0.9387755102040816
Unknown,0.3202990805294534,0.5207552497147244,Out of Stock,0.32653061224489793
Unknown,0.223401030615338,0.831701753661578,In Stock,0.1020408163265306
D,0.9082550267757906,0.5743957912016479,Out of Stock,0.6530612244897959
Unknown,0.3326260482974639,0.9466176379950882,In Stock,0.2857142857142857
C,0.6572698797615438,0.047270715024030296,In Stock,0.8571428571428571
B,0.12397696271597454,0.735636091247509,In Stock,0.6326530612244897
Unknown,0.5969485702738203,0.5207552497147244,Out of Stock,0.4693877551020408
C,0.5848236839446297,0.5207552497147244,In Stock,0.36734693877551017
Unknown,0.7878144892391633,0.5207552497147244,In Stock,0.5102040816326531
Unknown,0.7805395574416489,0.5207552497147244,Out of Stock,0.6938775510204082
Unknown,0.3953723350510256,0.5207552497147244,In Stock,0.26530612244897955
Unknown,0.37021319591795493,0.18412604093861906,In Stock,0.36734693877551017
A,0.19743356572698798,0.13994884430533916,Out of Stock,0.5102040816326531
C,0.14640800242497728,0.733346313992578,Out of Stock,0.4693877551020408
Unknown,0.09942406789936344,0.4203333259046428,In Stock,0.02040816326530612
Unknown,0.2707891280185915,0.5207552497147244,In Stock,0.1020408163265306
C,0.9283621299383651,0.05569424814916418,In Stock,0.44897959183673464
D,0.14176012933212084,0.5207552497147244,Out of Stock,0.0
D,0.9345256138223704,0.8296699602086882,In Stock,0.08163265306122448
A,0.7274931797514398,0.5207552497147244,In Stock,0.4897959183673469
C,0.04819642315853289,0.5207552497147244,In Stock,0.1020408163265306
A,0.7956956653531373,0.3964364883654349,In Stock,0.8163265306122448
Unknown,0.13175709811053857,0.5207552497147244,Out of Stock,0.5102040816326531
C,0.4551884409416995,0.5207552497147244,In Stock,0.7142857142857142
D,0.787006163483884,0.5207552497147244,In Stock,0.673469387755102
Unknown,0.07810447610386985,0.5207552497147244,In Stock,0.18367346938775508
Unknown,0.6637364858037789,0.7763092675280211,In Stock,0.5714285714285714
Unknown,0.9811053854703445,0.854637998594418,Out of Stock,0.14285714285714285
Unknown,0.5378397494190158,0.7644137301878696,In Stock,0.7551020408163265
B,0.8580377892290593,0.9373372410084994,Out of Stock,0.18367346938775508
A,0.9790845710821461,0.5207552497147244,Out of Stock,0.8775510204081632
Unknown,0.8639991916742447,0.5207552497147244,In Stock,0.5918367346938775
A,0.2823077700313226,0.8012606619474646,In Stock,0.836734693877551
Unknown,0.8456097807416388,0.39916058227540707,Out of Stock,0.5102040816326531
C,0.8401535818935031,0.9946990502473995,Out of Stock,0.32653061224489793
Unknown,0.3930483985045974,0.5207552497147244,Out of Stock,0.6122448979591836
Unknown,0.7802364352834191,0.5207552497147244,In Stock,0.9183673469387754
Unknown,0.20511266040214207,0.7178716310917564,In Stock,0.061224489795918366
A,0.5098514701424673,0.22496932812807763,In Stock,0.7142857142857142
B,0.8660200060624431,0.5207552497147244,In Stock,0.3061224489795918
D,0.2917045569364454,0.1433322968037397,In Stock,0.9387755102040816
Unknown,0.6826311003334343,0.5207552497147244,In Stock,0.3061224489795918
Unknown,0.946751540870971,0.6006656804174385,In Stock,0.3877551020408163
Unknown,0.6336263514196221,0.21308522093440718,Out of Stock,0.6530612244897959
C,0.4027483075679499,0.46675209921179883,Out of Stock,0.0
Unknown,0.17277963019096698,0.5207552497147244,In Stock,0.22448979591836732
B,0.38658179246236235,0.9049653296099583,Out of Stock,0.5102040816326531
Unknown,0.41244821663130243,0.7092689758986478,In Stock,0.6530612244897959
C,0.448115590583005,0.5207552497147244,In Stock,0.42857142857142855
Unknown,0.3663736485803779,0.18048873522136283,In Stock,0.3061224489795918
Unknown,0.776598969384662,0.5207552497147244,Out of Stock,0.5102040816326531
Unknown,0.3982014751945034,0.5207552497147244,In Stock,0.16326530612244897
Unknown,0.4945438011518642,0.998467019392067,Out of Stock,0.673469387755102
Unknown,0.2757401232696777,0.7952237436778901,Out of Stock,0.5306122448979591
D,0.24138627867030416,0.9634467326689259,In Stock,0.5102040816326531
D,0.8552086490855815,0.5207552497147244,Out of Stock,0.4081632653061224
Unknown,0.38577346670708296,0.5207552497147244,Out of Stock,0.0
Unknown,0.45680509245225825,0.11158723652394809,In Stock,0.8979591836734693
C,0.8794584217439628,0.5207552497147244,Out of Stock,0.3877551020408163
D,0.9484692331009397,0.5207552497147244,In Stock,0.5714285714285714
Unknown,0.4183085783570779,0.3342051423271807,In Stock,0.1020408163265306
Unknown,0.03132262301707588,0.5207552497147244,Out of Stock,0.08163265306122448
B,0.8703647569970698,0.5207552497147244,In Stock,0.04081632653061224
Unknown,0.36758613721329697,0.5207552497147244,In Stock,0.3877551020408163
Unknown,0.8379306860664848,0.18240791020507335,In Stock,0.18367346938775508
Unknown,0.6034151763160553,0.5207552497147244,In Stock,0.8775510204081632
Unknown,0.8749115893705163,0.7444159731853944,Out of Stock,0.9795918367346939
Unknown,0.888147923613216,0.242174659216838,In Stock,0.04081632653061224
Unknown,0.7117308275234919,0.21731563374733137,In Stock,0.5714285714285714
Unknown,0.7833686975851267,0.9769368118293867,In Stock,0.42857142857142855
Unknown,0.7763968879458422,0.5207552497147244,In Stock,0.7959183673469387
C,0.274022431039709,0.5207552497147244,Out of Stock,0.6530612244897959
Unknown,0.48368192381529757,0.5207552497147244,In Stock,0.9999999999999999
Unknown,0.29483681923815297,0.5492522824065429,In Stock,0.24489795918367346
B,0.4945438011518642,0.5207552497147244,In Stock,0.08163265306122448
Unknown,0.6585834091138728,0.7167792815766161,Out of Stock,0.3061224489795918
C,0.7392139032029907,0.9418028588865149,In Stock,0.5102040816326531
D,0.7024350813377791,0.18299870596744205,In Stock,0.08163265306122448
Unknown,0.6120036374658987,0.4915410602264805,In Stock,0.7346938775510203
Unknown,0.5575426897039506,0.991761064674186,In Stock,0.836734693877551
Unknown,0.9101748004445791,0.236784826106053,In Stock,0.5102040816326531
Unknown,0.5761341820753764,0.5207552497147244,In Stock,0.42857142857142855
C,0.963524300293018,0.3712572535750658,Out of Stock,0.3469387755102041
Unknown,0.6073557643730423,0.33218502600577426,In Stock,0.5102040816326531
C,0.7303223198949176,0.0635978265365742,In Stock,0.836734693877551
Unknown,0.9442255228857229,0.5207552497147244,Out of Stock,0.5102040816326531
Unknown,0.017884207335556228,0.26774293019405804,In Stock,0.061224489795918366
Unknown,0.30393048398504596,0.5207552497147244,In Stock,0.2857142857142857
D,0.516823279781752,0.9584418720027542,Out of Stock,0.4897959183673469
Unknown,0.7945842174396281,0.12152858480770284,In Stock,0.12244897959183673
Unknown,0.19591795493583916,0.5207552497147244,In Stock,0.6122448979591836
C,0.8550065676467616,0.6959834236982394,In Stock,0.6938775510204082
B,0.8619783772860462,0.5207552497147244,Out of Stock,0.02040816326530612
Unknown,0.6082651308477316,0.4684611106271782,In Stock,0.4081632653061224
Unknown,0.8005456198848135,0.5207552497147244,Out of Stock,0.02040816326530612
Unknown,0.8339900980094977,0.5851568449852421,In Stock,0.6326530612244897
Unknown,0.048499545316762656,0.5207552497147244,Out of Stock,0.8979591836734693
A,0.5223805193492977,0.5207552497147244,In Stock,0.5306122448979591
Unknown,0.9475598666262504,0.5207552497147244,Out of Stock,0.14285714285714285
C,0.5141962210770941,0.5207552497147244,In Stock,0.3469387755102041
Unknown,0.6328180256643426,0.5207552497147244,Out of Stock,0.2040816326530612
Unknown,0.3372739213903203,0.5207552497147244,In Stock,0.5102040816326531
Unknown,0.20410225320804284,0.5207552497147244,Out of Stock,0.6530612244897959
B,0.820753763766798,0.5428692007698506,In Stock,0.7142857142857142
Unknown,0.5317773062544205,0.6052315811214548,In Stock,0.5102040816326531
Unknown,0.5081337779124987,0.5207552497147244,In Stock,0.673469387755102
Unknown,0.41790441547943824,0.9776419922359597,Out of Stock,0.1020408163265306
Unknown,0.8094372031928867,0.6494123136631533,Out of Stock,0.12244897959183673
Unknown,0.5770435485500657,0.5207552497147244,Out of Stock,0.9999999999999999
Unknown,0.24350813377791253,0.3554427192061411,Out of Stock,0.0
Unknown,0.790845710821461,0.5207552497147244,Out of Stock,0.673469387755102
A,0.8553096898049913,0.5207552497147244,Out of Stock,0.3469387755102041
C,0.4887339597857937,0.4512237130682163,In Stock,0.9387755102040816
A,0.5269273517227442,0.5487886309397888,In Stock,0.1020408163265306
A,0.8569263413155501,0.5207552497147244,In Stock,0.7959183673469387
Unknown,0.49590785086389816,0.6045808200960991,In Stock,0.18367346938775508
Unknown,0.2721026573709205,0.7517939389726792,Out of Stock,0.9999999999999999
Unknown,0.7465898757199151,0.5207552497147244,In Stock,0.836734693877551
Unknown,0.7283015055067191,0.5207552497147244,Out of Stock,0.36734693877551017
Unknown,0.27048600586036176,0.9702958595944408,In Stock,0.5918367346938775
Unknown,0.0073759725169243225,0.44710925205045504,In Stock,0.18367346938775508
Unknown,0.04516520157623523,0.876420735701913,In Stock,0.3877551020408163
A,0.3736485803778923,0.5207552497147244,Out of Stock,0.44897959183673464
A,0.3691017480044458,0.5207552497147244,In Stock,0.5714285714285714
Unknown,0.07810447610386985,0.5207552497147244,In Stock,0.673469387755102
Unknown,0.2876629281600485,0.42141726938961244,In Stock,0.7959183673469387
B,0.364959078508639,0.6539322830252163,Out of Stock,0.5102040816326531
A,0.8775386480751742,0.4423213451911695,In Stock,0.4693877551020408
D,0.9243205011619683,0.5207552497147244,Out of Stock,0.6326530612244897
C,0.8997676063453571,0.7740585997500261,In Stock,0.3061224489795918
A,0.7004142669495806,0.5207552497147244,In Stock,0.9387755102040816
Unknown,0.9697888248964333,0.5207552497147244,Out of Stock,0.1020408163265306
C,0.0034353844599373552,0.9804372164373975,In Stock,0.24489795918367346
Unknown,0.45690613317166817,0.7611610224084292,In Stock,0.7959183673469387
C,0.5900778013539456,0.5207552497147244,In Stock,0.3061224489795918
C,0.5741133676871779,0.16398584500892566,In Stock,0.4693877551020408
Unknown,0.5917954935839143,0.5207552497147244,In Stock,0.5918367346938775
Unknown,0.9875719915125796,0.8665449199156253,Out of Stock,0.9183673469387754
D,0.1537839749419016,0.5207552497147244,In Stock,0.8775510204081632
C,0.4945438011518642,0.5207552497147244,In Stock,0.04081632653061224
Unknown,0.5165201576235222,0.5207552497147244,In Stock,0.5918367346938775
Unknown,0.08780438516722239,0.5207552497147244,In Stock,0.7551020408163265
Unknown,0.13054460947761948,0.7732041546916238,In Stock,0.6530612244897959
A,0.8701626755582499,0.506784234601857,In Stock,0.08163265306122448
Unknown,0.7951904617560877,0.9134143263867228,In Stock,0.5102040816326531
Unknown,0.1892492674547843,0.8244004736550349,Out of Stock,0.2857142857142857
Unknown,0.08315651207436596,0.9585268298356445,In Stock,0.5918367346938775
Unknown,0.12438112559361424,0.720141909055829,In Stock,0.7755102040816326
Unknown,0.7398201475194504,0.5207552497147244,In Stock,0.5714285714285714
Unknown,0.8529857532585632,0.5207552497147244,In Stock,0.6122448979591836
Unknown,0.4320501161968273,0.5207552497147244,In Stock,0.9999999999999999
Unknown,0.15307668990603215,0.5207552497147244,In Stock,0.5714285714285714
A,0.43154491259977773,0.2572734074565326,In Stock,0.5102040816326531
A,0.045266242295645145,0.2000198453075374,In Stock,0.673469387755102
B,0.14994442760432455,0.892512062291109,Out of Stock,0.18367346938775508
Unknown,0.8096392846317065,0.5207552497147244,Out of Stock,0.42857142857142855
Unknown,0.19147216328180258,0.2625115031866474,In Stock,0.9387755102040816
B,0.23835505708800647,0.5207552497147244,Out of Stock,0.36734693877551017
Unknown,0.4945438011518642,0.5207552497147244,Out of Stock,0.7959183673469387
Unknown,0.030009093664746897,0.12214836205667096,In Stock,0.4693877551020408
Unknown,0.11296352430029301,0.7548490172384609,In Stock,0.9591836734693877
Unknown,0.16449429119935335,0.5207552497147244,Out of Stock,0.3877551020408163
Unknown,0.24674143679903005,0.5207552497147244,In Stock,0.6530612244897959
Unknown,0.9351318581388299,0.8192219134626807,Out of Stock,0.9183673469387754
B,0.8399515004546833,0.04347155515028178,In Stock,0.836734693877551
Unknown,0.25047994341719715,0.6247590930535148,In Stock,0.08163265306122448
Unknown,0.9676669697888248,0.5456881976289483,In Stock,0.04081632653061224
Unknown,0.6757603314135596,0.5207552497147244,Out of Stock,0.8571428571428571
C,0.9911084166919268,0.8734994906539769,In Stock,0.9387755102040816
Unknown,0.3539456400929575,0.5207552497147244,In Stock,0.8979591836734693
Unknown,0.5107608366171567,0.8426964717134556,In Stock,0.6530612244897959
D,0.024148731938971407,0.2249287874228268,In Stock,0.9999999999999999
Unknown,0.9361422653329291,0.5270183670871794,In Stock,0.36734693877551017
C,0.9517025361220571,0.5207552497147244,In Stock,0.14285714285714285
Unknown,0.7794281095281398,0.6664105731980093,In Stock,0.08163265306122448
Unknown,0.39577649792866526,0.0683640997101631,Out of Stock,0.0
Unknown,0.26240274830756793,0.2893487634388554,Out of Stock,0.3469387755102041
B,0.10003031221582297,0.5207552497147244,In Stock,0.5306122448979591
Unknown,0.5357178943114075,0.7740587864840881,Out of Stock,0.32653061224489793
B,0.08881479236132162,0.5207552497147244,Out of Stock,0.2857142857142857
Unknown,0.5016671718702637,0.5207552497147244,In Stock,0.673469387755102
Unknown,0.7112256239264423,0.6412895902764463,Out of Stock,0.04081632653061224
Unknown,0.6853591997575023,0.46258961121982545,In Stock,0.9795918367346939
Unknown,0.9774679195715873,0.7357476711365009,In Stock,0.42857142857142855
B,0.8088309588764272,0.4461766609153087,In Stock,0.7959183673469387
Unknown,0.25826007881176116,0.30938051472731554,In Stock,0.5102040816326531
B,0.19591795493583916,0.5207552497147244,In Stock,0.8163265306122448
Unknown,0.4945438011518642,0.5207552497147244,Out of Stock,0.836734693877551
C,0.9663534404364958,0.5207552497147244,In Stock,0.4081632653061224
A,0.42548246943518236,0.9938126559371759,In Stock,0.2040816326530612
B,0.8854198241891482,0.5207552497147244,Out of Stock,0.02040816326530612
Unknown,0.8823886026068505,0.5207552497147244,In Stock,0.44897959183673464
D,0.5465292512882691,0.1732213380275543,In Stock,0.7959183673469387
Unknown,0.7974133575831059,0.5207552497147244,Out of Stock,0.3061224489795918
A,0.8739011821764171,0.39460905449229744,In Stock,0.9387755102040816
Unknown,0.8456097807416388,0.9675128031799186,In Stock,0.2857142857142857
Unknown,0.7746791957158734,0.5207552497147244,Out of Stock,0.14285714285714285
Unknown,0.4551884409416995,0.5207552497147244,In Stock,0.9999999999999999
Unknown,0.5996766696978882,0.6199179566038298,In Stock,0.9999999999999999
B,0.16206931393351523,0.5207552497147244,Out of Stock,0.6122448979591836
C,0.9854501364049711,0.5207552497147244,In Stock,0.6326530612244897
Unknown,0.5602707891280185,0.9394782710189838,In Stock,0.5102040816326531
A,0.3121147822572497,0.5207552497147244,In Stock,0.7346938775510203
C,0.7613418207537638,0.5207552497147244,In Stock,0.5102040816326531
Unknown,0.7366878852177428,0.5207552497147244,In Stock,0.6326530612244897
Unknown,0.22774578154996464,0.5207552497147244,In Stock,0.2857142857142857
Unknown,0.45842174396281704,0.5207552497147244,In Stock,0.02040816326530612
Unknown,0.560978074163888,0.14692940870880744,In Stock,0.1020408163265306
Unknown,0.5098514701424673,0.5207552497147244,In Stock,0.6530612244897959
Unknown,0.16439325047994344,0.7435470698686203,In Stock,0.6326530612244897
Unknown,0.6582802869556431,0.5207552497147244,In Stock,0.6938775510204082
Unknown,0.2043043346468627,0.5207552497147244,In Stock,0.6326530612244897
Unknown,0.40941699504900475,0.9955992464437645,In Stock,0.3877551020408163
Unknown,0.6592906941497423,0.5207552497147244,Out of Stock,0.04081632653061224
D,0.06628271193290895,0.30284495326372585,In Stock,0.9387755102040816
Unknown,0.7410326361523694,0.03908800058706485,In Stock,0.4081632653061224
Unknown,0.5731029604930786,0.5207552497147244,In Stock,0.9591836734693877
Unknown,0.6891987470950792,0.802847240855813,In Stock,0.2040816326530612
Unknown,0.6775790643629382,0.5207552497147244,In Stock,0.3877551020408163
C,0.37152672527028396,0.02821069500980844,In Stock,0.6122448979591836
D,0.9348287359806001,0.6226991189574178,Out of Stock,0.5102040816326531
Unknown,0.5143983025159139,0.5207552497147244,In Stock,0.12244897959183673
Unknown,0.017884207335556228,0.9658697021872457,Out of Stock,0.32653061224489793
Unknown,0.709002728099424,1.0,Out of Stock,0.36734693877551017
Unknown,0.43093866828331817,0.16526797661181014,In Stock,0.3469387755102041
D,0.08457108214610487,0.39474091648960064,Out of Stock,0.8571428571428571
D,0.4692331009396787,0.5207552497147244,In Stock,0.42857142857142855
Unknown,0.5108618773365666,0.6163800448014599,Out of Stock,0.7959183673469387
B,0.8920885116702031,0.9338912711513968,In Stock,0.16326530612244897
Unknown,0.6974840860866929,0.5207552497147244,In Stock,0.8775510204081632
Unknown,0.9607962008689501,0.5207552497147244,Out of Stock,0.3469387755102041
Unknown,0.6075578458118621,0.9522835388316094,Out of Stock,0.9999999999999999
B,0.6022026876831362,0.5207552497147244,Out of Stock,0.18367346938775508
Unknown,0.03718298474285137,0.786241205446396,Out of Stock,0.061224489795918366
D,0.16398908760230374,0.41501214107001194,In Stock,0.5306122448979591
Unknown,0.7199151257956956,0.0598779003667832,In Stock,0.04081632653061224
D,0.5495604728705668,0.3523742965233688,In Stock,0.6938775510204082
B,0.20551682327978177,0.7833549365707905,Out of Stock,0.12244897959183673
Unknown,0.8096392846317065,0.41474462150876057,In Stock,0.3877551020408163
B,0.21774275032838236,0.8276585574436287,Out of Stock,0.5102040816326531
B,0.6783873901182176,0.5207552497147244,In Stock,0.5102040816326531
Unknown,0.6053349499848438,0.19083576837289207,In Stock,0.5510204081632653
Unknown,0.6247347681115489,0.16801360758876,In Stock,0.24489795918367346
C,0.4670102051126604,0.5207552497147244,Out of Stock,0.7142857142857142
C,0.5188440941699505,0.5547798362838686,In Stock,0.673469387755102
Unknown,0.39658482368394465,0.9859092435521196,Out of Stock,0.7755102040816326
Unknown,0.004243710215216733,0.4220163876122486,In Stock,0.6326530612244897
Unknown,0.40951803576841467,0.6142900121105092,In Stock,0.5510204081632653
Unknown,0.21814691320602203,0.5207552497147244,In Stock,0.26530612244897955
C,0.23178741032636155,0.47665159473894836,Out of Stock,0.12244897959183673
Unknown,0.20258664241689403,0.5207552497147244,In Stock,0.5102040816326531
B,0.7456805092452258,0.5207552497147244,Out of Stock,0.5306122448979591
A,0.15085379407901386,0.8866339640934208,Out of Stock,0.4693877551020408
Unknown,0.2508841062948368,0.08894755100366047,In Stock,0.1020408163265306
Unknown,0.4945438011518642,0.5207552497147244,In Stock,0.5102040816326531
B,0.23653632413862788,0.8615450620979065,In Stock,0.5510204081632653
Unknown,0.34747903405072245,0.5207552497147244,In Stock,0.0
Unknown,0.9434171971304436,0.5207552497147244,In Stock,0.9999999999999999
C,0.6059411943013033,0.5207552497147244,Out of Stock,0.7142857142857142
Unknown,0.29796908153986057,0.5207552497147244,In Stock,0.5510204081632653
Unknown,0.7837728604627665,0.5207552497147244,In Stock,0.9183673469387754
B,0.7987268869354349,0.5207552497147244,In Stock,0.2857142857142857
Unknown,0.897241588360109,0.959142473501665,In Stock,0.9387755102040816
Unknown,0.6966757603314135,0.9163456853144353,Out of Stock,0.673469387755102
Unknown,0.4833788016570678,0.07257720311810067,In Stock,0.44897959183673464
B,0.10093967869051228,0.5615398336824401,Out of Stock,0.8571428571428571
Unknown,0.7057694250783065,0.39527351163463353,Out of Stock,0.5102040816326531
A,0.49378599575628984,0.5207552497147244,Out of Stock,0.18367346938775508
B,0.3144387188036779,0.5207552497147244,In Stock,0.26530612244897955
Unknown,0.16227139537233506,0.6303831150529927,Out of Stock,0.6326530612244897
Unknown,0.20036374658987574,0.5207552497147244,In Stock,0.9999999999999999
Unknown,0.2371425684550874,0.5207552497147244,In Stock,0.9387755102040816
B,0.6621198342932201,0.5207552497147244,Out of Stock,0.9387755102040816
B,0.8707689198747095,0.5207552497147244,In Stock,0.8163265306122448
D,0.8811761139739315,0.4584734367112292,Out of Stock,0.673469387755102
Unknown,0.9666565625947257,0.5207552497147244,In Stock,0.5510204081632653
Unknown,0.8917853895119733,0.5207552497147244,In Stock,0.44897959183673464
C,0.3500050520359705,0.5207552497147244,In Stock,0.12244897959183673
B,0.8514701424674144,0.41369419440409794,In Stock,0.5510204081632653
Unknown,0.5354147721531777,0.5207552497147244,Out of Stock,0.26530612244897955
Unknown,0.853086793977973,0.9526466092469149,Out of Stock,0.18367346938775508
Unknown,0.4341719713044357,0.5725195316477815,Out of Stock,0.7755102040816326
D,0.15863392947357785,0.01108422515401325,Out of Stock,0.08163265306122448
Unknown,0.23825401636859656,0.5207552497147244,In Stock,0.16326530612244897
B,0.4945438011518642,0.5207552497147244,Out of Stock,0.7551020408163265
A,0.7396180660806304,0.6026230618263138,In Stock,0.5102040816326531
C,0.9335152066282711,0.7010617944094271,In Stock,0.3061224489795918
B,0.7983227240577953,0.5207552497147244,In Stock,0.1020408163265306
Unknown,0.4175002526017985,0.5207552497147244,In Stock,0.8775510204081632
Unknown,0.8849146205920986,0.5516943212188394,In Stock,0.5510204081632653
C,0.6700010104071941,0.5207552497147244,Out of Stock,0.7551020408163265
Unknown,0.3504092149136102,0.5327704352157674,Out of Stock,0.6938775510204082
Unknown,0.3958775386480752,0.5207552497147244,In Stock,0.3469387755102041
C,0.680408204506416,0.4788651152691301,In Stock,0.3469387755102041
Unknown,0.045064160856825304,0.5207552497147244,In Stock,0.0
C,0.8750126300899262,0.3914264474256469,In Stock,0.3469387755102041
A,0.41073052440133373,0.35814574081985817,Out of Stock,0.44897959183673464
A,0.4976255430938668,0.5207552497147244,In Stock,0.6122448979591836
Unknown,0.24492270384965142,0.5761068393890808,In Stock,0.7346938775510203
D,0.527331514600384,0.8928387374325878,In Stock,0.02040816326530612
Unknown,0.1970294028493483,0.6538596935353862,In Stock,0.7959183673469387
Unknown,0.33686975851268064,0.5207552497147244,Out of Stock,0.3877551020408163
Unknown,0.5396584823683944,0.5207552497147244,In Stock,0.1020408163265306
C,0.7606345357178943,0.6191210391475525,In Stock,0.0
Unknown,0.4437708396483783,0.5207552497147244,In Stock,0.02040816326530612
Unknown,0.77912498736991,0.7091948808749906,In Stock,0.5102040816326531
Unknown,0.48721834899464483,0.02296745180186527,Out of Stock,0.04081632653061224
Unknown,0.02243103970900273,0.5120782617398455,In Stock,0.7755102040816326
C,0.5307668990603213,0.5207552497147244,In Stock,0.42857142857142855
Unknown,0.2478528847125392,0.007750110866280746,In Stock,0.5102040816326531
A,0.5907850863898151,0.974148897749696,In Stock,0.5306122448979591
Unknown,0.2881681317570981,0.37519587966541157,In Stock,0.3061224489795918
Unknown,0.26957663938567245,0.20298376724219758,Out of Stock,0.9183673469387754
B,0.9482671516621198,0.25652976421300444,In Stock,0.3061224489795918
Unknown,0.5859351318581388,0.7352277056746465,Out of Stock,0.6326530612244897
Unknown,0.6028089319995958,0.5207552497147244,Out of Stock,0.7755102040816326
D,0.23461655046983937,0.9295745123579798,In Stock,0.9999999999999999
Unknown,0.8584419521066989,0.5207552497147244,In Stock,0.5510204081632653
Unknown,0.223401030615338,0.8285105481063603,Out of Stock,0.8571428571428571
Unknown,0.18399515004546835,0.5207552497147244,In Stock,0.42857142857142855
Unknown,0.7871072042032939,0.5207552497147244,In Stock,0.8571428571428571
Unknown,0.3732444175002526,0.5207552497147244,Out of Stock,0.2040816326530612
Unknown,0.6774780236435283,0.7994096705365134,In Stock,0.18367346938775508
C,0.6637364858037789,0.5207552497147244,Out of Stock,0.5510204081632653
Unknown,0.9873699100737597,0.7208248085990379,In Stock,0.1020408163265306
D,0.9846418106496918,0.6672457085146323,Out of Stock,0.9999999999999999
B,0.07487117308275235,0.43837630566151375,Out of Stock,0.9795918367346939
Unknown,0.4945438011518642,0.5207552497147244,In Stock,0.0
B,0.7395170253612205,0.5207552497147244,Out of Stock,0.6530612244897959
A,0.5665353137314337,0.5207552497147244,In Stock,0.9795918367346939
Unknown,0.3494998484389209,0.5986127306125533,In Stock,0.5102040816326531
Unknown,0.8944124482166312,0.3833223295250616,In Stock,0.8979591836734693
A,0.7756896029099727,0.5207552497147244,In Stock,0.5918367346938775
Unknown,0.8010508234818632,0.8484265802981249,Out of Stock,0.4081632653061224
B,0.6489845407699303,0.5207552497147244,Out of Stock,0.5102040816326531
Unknown,0.8212589673638476,0.35281723431982204,Out of Stock,0.5918367346938775
Unknown,0.5745175305648176,0.5207552497147244,In Stock,0.22448979591836732
Unknown,0.1469132060220269,0.10823611977278785,In Stock,0.5102040816326531
Unknown,0.4945438011518642,0.5207552497147244,In Stock,0.9387755102040816
Unknown,0.4945438011518642,0.5207552497147244,Out of Stock,0.42857142857142855
Unknown,0.43791047792260285,0.932586369966354,In Stock,0.9999999999999999
B,0.6197837728604627,0.5207552497147244,Out of Stock,0.08163265306122448
Unknown,0.32141052844296253,0.5207552497147244,Out of Stock,0.18367346938775508
D,0.2927149641305446,0.8569532512035481,In Stock,0.8163265306122448
Unknown,0.4945438011518642,0.29621500469280115,In Stock,0.0
